사고번호,사고일시,요일,시군구,사고내용,사망자수,중상자수,경상자수,부상신고자수,사고유형,법규위반,노면상태,기상상태,도로형태,가해운전자 차종,가해운전자 성별,가해운전자 연령,가해운전자 상해정도,피해운전자 차종,피해운전자 성별,피해운전자 연령,피해운전자 상해정도
2020021300100365,2020년 2월 13일 17시,목요일,서울특별시 중랑구 면목동,중상사고,0,1,0,0,차대차 - 측면충돌,안전거리미확보,포장 - 건조,맑음,기타 - 기타,자전거,여,60세,중상,승용,여,29세,상해없음
2020021400100621,2020년 2월 14일 22시,금요일,서울특별시 구로구 개봉동,경상사고,0,0,1,0,차대사람 - 보도통행중,기타,포장 - 건조,맑음,단일로 - 기타,자전거,남,39세,상해없음,보행자,여,56세,경상
2020021500100170,2020년 2월 15일 11시,토요일,서울특별시 용산구 이촌동,중상사고,0,1,1,0,차대차 - 기타,안전운전불이행,포장 - 건조,맑음,기타 - 기타,자전거,여,49세,경상,자전거,남,66세,중상
2020021500100362,2020년 2월 15일 17시,토요일,서울특별시 영등포구 대림동,부상신고사고,0,0,0,1,차대차 - 기타,중앙선침범,포장 - 건조,맑음,교차로 - 교차로안,자전거,남,59세,부상신고,승용,남,64세,상해없음
2020021600100191,2020년 2월 16일 12시,일요일,서울특별시 은평구 응암동,중상사고,0,1,0,0,차대차 - 기타,안전운전불이행,포장 - 젖음/습기,눈,교차로 - 교차로부근,자전거,남,11세,상해없음,자전거,여,69세,중상
2020021600100297,2020년 2월 16일 16시,일요일,서울특별시 송파구 잠실동,경상사고,0,0,1,0,차대사람 - 차도통행중,안전운전불이행,포장 - 건조,맑음,단일로 - 기타,자전거,남,53세,상해없음,보행자,남,58세,경상
2020021600100326,2020년 2월 16일 17시,일요일,서울특별시 구로구 구로동,부상신고사고,0,0,0,1,차대차 - 기타,안전운전불이행,포장 - 기타,맑음,교차로 - 교차로안,자전거,남,68세,부상신고,승합,남,60세,상해없음
2020021700100123,2020년 2월 17일 09시,월요일,서울특별시 양천구 신월동,부상신고사고,0,0,0,1,차대차 - 기타,안전운전불이행,포장 - 건조,맑음,단일로 - 기타,자전거,남,76세,부상신고,승합,남,52세,상해없음
2020021700100466,2020년 2월 17일 18시,월요일,서울특별시 노원구 상계동,경상사고,0,0,1,0,차대사람 - 보도통행중,기타,포장 - 건조,맑음,단일로 - 기타,자전거,여,34세,상해없음,보행자,남,65세,경상
2020021700100523,2020년 2월 17일 19시,월요일,서울특별시 노원구 공릉동,부상신고사고,0,0,0,1,차대차 - 측면충돌,안전운전불이행,포장 - 건조,맑음,교차로 - 교차로횡단보도내,자전거,여,20세,부상신고,승용,여,42세,상해없음
2020021700100622,2020년 2월 17일 21시,월요일,서울특별시 강서구 화곡동,경상사고,0,0,1,0,차대차 - 기타,신호위반,포장 - 젖음/습기,비,단일로 - 기타,자전거,기타불명,미분류,기타불명,이륜,남,16세,경상
2020021800100397,2020년 2월 18일 16시,화요일,서울특별시 마포구 망원동,중상사고,0,1,0,0,차대차 - 기타,교차로운행방법위반,포장 - 건조,맑음,교차로 - 교차로안,자전거,남,75세,중상,승용,여,59세,상해없음
2020021800100462,2020년 2월 18일 17시,화요일,서울특별시 구로구 구로동,부상신고사고,0,0,0,1,차대차 - 측면충돌,중앙선침범,포장 - 건조,맑음,단일로 - 기타,자전거,남,42세,부상신고,화물,남,28세,상해없음
2020021800100512,2020년 2월 18일 18시,화요일,서울특별시 동대문구 전농동,중상사고,0,1,0,0,차대사람 - 횡단중,신호위반,포장 - 건조,기타,단일로 - 기타,자전거,남,24세,기타불명,보행자,여,68세,중상
2020021800100644,2020년 2월 18일 20시,화요일,서울특별시 영등포구 영등포동,경상사고,0,0,1,0,차대차 - 기타,안전운전불이행,포장 - 건조,맑음,교차로 - 교차로부근,자전거,남,78세,상해없음,이륜,남,42세,경상
2020021900100169,2020년 2월 19일 10시,수요일,서울특별시 노원구 상계동,부상신고사고,0,0,0,1,차대차 - 측면충돌,직진우회전진행방해,포장 - 건조,맑음,교차로 - 교차로안,자전거,남,69세,부상신고,승용,여,52세,상해없음
2020021900100240,2020년 2월 19일 12시,수요일,서울특별시 송파구 잠실동,중상사고,0,1,0,0,차대차 - 추돌,안전거리미확보,포장 - 건조,맑음,단일로 - 기타,자전거,남,35세,상해없음,자전거,여,48세,중상
2020021900100313,2020년 2월 19일 14시,수요일,서울특별시 노원구 공릉동,중상사고,0,1,0,0,차대차 - 측면충돌,중앙선침범,포장 - 건조,맑음,단일로 - 기타,자전거,남,63세,중상,승용,여,51세,상해없음
2020021900100491,2020년 2월 19일 18시,수요일,서울특별시 동작구 노량진동,경상사고,0,0,1,0,차량단독 - 전도전복 - 전도,안전운전불이행,포장 - 건조,맑음,교차로 - 교차로안,자전거,여,37세,경상,,,,
2020021900100632,2020년 2월 19일 21시,수요일,서울특별시 관악구 신림동,경상사고,0,0,1,0,차대차 - 측면충돌,기타,포장 - 건조,기타,교차로 - 교차로안,자전거,남,66세,경상,승용,여,62세,상해없음
2020022000100051,2020년 2월 20일 05시,목요일,서울특별시 구로구 개봉동,경상사고,0,0,1,0,차대차 - 측면충돌,중앙선침범,포장 - 건조,맑음,교차로 - 교차로부근,자전거,남,81세,경상,승용,남,61세,상해없음
2020022000100076,2020년 2월 20일 07시,목요일,서울특별시 도봉구 쌍문동,부상신고사고,0,0,0,1,차대차 - 기타,기타,포장 - 건조,맑음,교차로 - 교차로횡단보도내,자전거,남,26세,부상신고,승용,여,40세,상해없음
2020022000100240,2020년 2월 20일 12시,목요일,서울특별시 강북구 번동,경상사고,0,0,1,0,차대차 - 측면충돌,불법유턴,포장 - 건조,맑음,교차로 - 교차로횡단보도내,자전거,남,79세,경상,승용,남,62세,상해없음
2020022000100656,2020년 2월 20일 22시,목요일,서울특별시 서대문구 홍제동,경상사고,0,0,1,0,차대차 - 기타,안전운전불이행,포장 - 건조,맑음,단일로 - 기타,자전거,남,69세,경상,승합,남,61세,상해없음
2020022000100685,2020년 2월 20일 23시,목요일,서울특별시 영등포구 여의도동,경상사고,0,0,1,0,차대차 - 측면충돌,신호위반,포장 - 건조,맑음,교차로 - 교차로안,자전거,남,14세,경상,승용,남,60세,상해없음
2020022100100060,2020년 2월 21일 04시,금요일,서울특별시 중랑구 면목동,부상신고사고,0,0,0,1,차대차 - 측면충돌,중앙선침범,포장 - 건조,맑음,교차로 - 교차로안,자전거,남,55세,부상신고,승용,남,61세,상해없음
2020022100100170,2020년 2월 21일 09시,금요일,서울특별시 양천구 목동,부상신고사고,0,0,0,1,차대차 - 기타,안전운전불이행,포장 - 건조,맑음,교차로 - 교차로부근,자전거,남,37세,부상신고,승용,남,44세,상해없음
2020022100100378,2020년 2월 21일 16시,금요일,서울특별시 송파구 문정동,부상신고사고,0,0,0,1,차대차 - 정면충돌,안전운전불이행,포장 - 건조,맑음,교차로 - 교차로안,자전거,남,11세,부상신고,승용,여,33세,상해없음
2020022100100496,2020년 2월 21일 19시,금요일,서울특별시 송파구 가락동,경상사고,0,0,1,0,차대차 - 기타,중앙선침범,포장 - 젖음/습기,비,단일로 - 기타,자전거,남,59세,상해없음,이륜,남,31세,경상
2020022200100109,2020년 2월 22일 07시,토요일,서울특별시 동작구 신대방동,부상신고사고,0,0,0,1,차대차 - 기타,안전운전불이행,포장 - 건조,맑음,교차로 - 교차로안,자전거,남,58세,부상신고,건설기계,남,53세,상해없음
2020022200100227,2020년 2월 22일 13시,토요일,서울특별시 중랑구 면목동,부상신고사고,0,0,0,1,차대차 - 기타,중앙선침범,포장 - 건조,맑음,단일로 - 기타,자전거,여,59세,부상신고,승용,남,33세,상해없음
2020022300100013,2020년 2월 23일 01시,일요일,서울특별시 서초구 방배동,경상사고,0,0,1,0,차량단독 - 전도전복 - 전도,안전운전불이행,포장 - 건조,맑음,단일로 - 지하차도(도로)내,자전거,남,26세,경상,,,,
2020022400100007,2020년 2월 24일 01시,월요일,서울특별시 영등포구 양평동3가,경상사고,0,0,1,0,차대차 - 기타,안전운전불이행,포장 - 건조,맑음,단일로 - 기타,자전거,남,22세,경상,승용,남,61세,상해없음
2020022400100371,2020년 2월 24일 18시,월요일,서울특별시 강동구 성내동,중상사고,0,1,0,0,차대사람 - 보도통행중,기타,포장 - 건조,맑음,교차로 - 교차로부근,자전거,여,39세,상해없음,보행자,여,69세,중상
2020022500100236,2020년 2월 25일 14시,화요일,서울특별시 서대문구 홍제동,사망사고,1,0,0,0,차대사람 - 기타,안전운전불이행,포장 - 젖음/습기,흐림,단일로 - 기타,자전거,남,80세,상해없음,보행자,여,71세,사망
2020022500100279,2020년 2월 25일 16시,화요일,서울특별시 송파구 방이동,부상신고사고,0,0,0,1,차대차 - 측면충돌,안전운전불이행,포장 - 건조,맑음,기타 - 기타,자전거,남,28세,부상신고,승용,남,66세,상해없음
2020022500100302,2020년 2월 25일 17시,화요일,서울특별시 용산구 한강로2가,경상사고,0,0,1,0,차대사람 - 보도통행중,보행자보호의무위반,포장 - 건조,맑음,기타 - 기타,자전거,남,23세,상해없음,보행자,여,38세,경상
2020022500100365,2020년 2월 25일 19시,화요일,서울특별시 강서구 등촌동,부상신고사고,0,0,0,1,차대차 - 기타,안전운전불이행,포장 - 건조,맑음,단일로 - 기타,자전거,남,34세,부상신고,기타불명,기타불명,미분류,기타불명
2020022600100133,2020년 2월 26일 10시,수요일,서울특별시 강북구 수유동,경상사고,0,0,1,0,차대차 - 기타,기타,포장 - 건조,맑음,교차로 - 교차로안,자전거,남,47세,경상,승용,남,76세,상해없음
2020022600100180,2020년 2월 26일 12시,수요일,서울특별시 영등포구 신길동,경상사고,0,0,1,0,차대차 - 측면충돌,직진우회전진행방해,포장 - 건조,맑음,교차로 - 교차로안,자전거,여,58세,경상,승용,여,37세,상해없음
2020022600100265,2020년 2월 26일 16시,수요일,서울특별시 영등포구 여의도동,부상신고사고,0,0,0,2,차대차 - 측면충돌,안전운전불이행,포장 - 건조,맑음,단일로 - 기타,자전거,남,16세,부상신고,자전거,여,42세,부상신고
2020022700100154,2020년 2월 27일 11시,목요일,서울특별시 영등포구 양평동3가,부상신고사고,0,0,0,1,차대차 - 기타,기타,포장 - 건조,맑음,교차로 - 교차로횡단보도내,자전거,남,75세,부상신고,화물,남,52세,상해없음
2020022700100190,2020년 2월 27일 13시,목요일,서울특별시 중랑구 중화동,중상사고,0,1,0,0,차대차 - 기타,불법유턴,포장 - 건조,맑음,단일로 - 기타,자전거,여,63세,중상,승용,남,65세,상해없음
2020022700100401,2020년 2월 27일 21시,목요일,서울특별시 은평구 역촌동,경상사고,0,0,2,0,차대차 - 측면충돌,중앙선침범,포장 - 건조,맑음,단일로 - 기타,자전거,남,51세,경상,승용,남,65세,경상
2020022800100126,2020년 2월 28일 11시,금요일,서울특별시 영등포구 영등포동5가,경상사고,0,0,1,0,차대차 - 기타,안전운전불이행,포장 - 젖음/습기,비,기타 - 기타,자전거,여,70세,경상,승용,남,63세,상해없음
2020022900100125,2020년 2월 29일 11시,토요일,서울특별시 영등포구 대림동,경상사고,0,0,1,0,차대차 - 측면충돌,신호위반,포장 - 건조,맑음,교차로 - 교차로안,자전거,여,59세,상해없음,승용,남,28세,경상
2020030100100269,2020년 3월 1일 22시,일요일,서울특별시 동작구 사당동,경상사고,0,0,1,0,차대차 - 측면충돌,안전운전불이행,비포장 - 젖음/습기,비,교차로 - 교차로부근,자전거,여,52세,경상,승용,남,29세,상해없음
2020030200100330,2020년 3월 2일 18시,월요일,서울특별시 관악구 신림동,경상사고,0,0,1,0,차대차 - 정면충돌,중앙선침범,포장 - 건조,맑음,단일로 - 기타,자전거,남,81세,상해없음,이륜,남,46세,경상
2020030300100095,2020년 3월 3일 09시,화요일,서울특별시 광진구 자양동,부상신고사고,0,0,0,1,차대차 - 측면충돌,안전운전불이행,포장 - 건조,맑음,교차로 - 교차로안,자전거,여,68세,부상신고,이륜,남,38세,상해없음
2020030300100118,2020년 3월 3일 10시,화요일,서울특별시 서대문구 남가좌동,부상신고사고,0,0,0,1,차대차 - 측면충돌,불법유턴,포장 - 건조,맑음,교차로 - 교차로안,자전거,남,82세,부상신고,승용,여,58세,상해없음
2020030400100058,2020년 3월 4일 08시,수요일,서울특별시 성동구 성수동2가,경상사고,0,0,1,0,차대사람 - 보도통행중,기타,포장 - 건조,맑음,단일로 - 기타,자전거,기타불명,미분류,기타불명,보행자,여,23세,경상
2020030400100108,2020년 3월 4일 11시,수요일,서울특별시 구로구 가리봉동,경상사고,0,0,1,0,차대차 - 측면충돌,안전거리미확보,포장 - 건조,맑음,단일로 - 기타,자전거,남,73세,경상,화물,남,66세,상해없음
2020030400100109,2020년 3월 4일 11시,수요일,서울특별시 서초구 서초동,경상사고,0,0,1,0,차대차 - 기타,안전운전불이행,포장 - 건조,맑음,교차로 - 교차로횡단보도내,자전거,남,37세,경상,승용,남,54세,상해없음
2020030400100192,2020년 3월 4일 14시,수요일,서울특별시 노원구 월계동,경상사고,0,0,1,0,차대사람 - 기타,안전운전불이행,포장 - 건조,맑음,교차로 - 교차로안,자전거,남,48세,상해없음,보행자,여,73세,경상
2020030500100083,2020년 3월 5일 08시,목요일,서울특별시 중랑구 면목동,경상사고,0,0,1,0,차대사람 - 기타,안전운전불이행,포장 - 건조,맑음,단일로 - 기타,자전거,여,30세,상해없음,보행자,여,53세,경상
2020030500100118,2020년 3월 5일 09시,목요일,서울특별시 동대문구 답십리동,부상신고사고,0,0,0,1,차대차 - 측면충돌,안전운전불이행,포장 - 건조,맑음,기타 - 기타,자전거,여,50세,부상신고,승용,여,41세,상해없음
2020030500100136,2020년 3월 5일 10시,목요일,서울특별시 동대문구 용두동,중상사고,0,1,0,0,차대차 - 측면충돌,안전운전불이행,포장 - 건조,맑음,단일로 - 기타,자전거,남,78세,중상,승용,남,35세,기타불명
2020030500100258,2020년 3월 5일 15시,목요일,서울특별시 영등포구 양평동,중상사고,0,1,1,0,차대사람 - 기타,안전운전불이행,포장 - 건조,맑음,단일로 - 기타,자전거,남,15세,경상,보행자,여,64세,중상
2020030600100290,2020년 3월 6일 15시,금요일,서울특별시 중랑구 망우동,중상사고,0,1,0,0,차대사람 - 횡단중,신호위반,포장 - 건조,맑음,교차로 - 교차로횡단보도내,자전거,남,59세,상해없음,보행자,여,29세,중상
2020030600100326,2020년 3월 6일 16시,금요일,서울특별시 영등포구 영등포동5가,부상신고사고,0,0,0,1,차대차 - 기타,안전운전불이행,포장 - 건조,맑음,교차로 - 교차로부근,자전거,여,58세,부상신고,승용,남,55세,상해없음
2020030600100363,2020년 3월 6일 17시,금요일,서울특별시 구로구 구로동,경상사고,0,0,1,0,차대사람 - 기타,안전운전불이행,비포장 - 건조,맑음,기타 - 기타,자전거,남,54세,상해없음,보행자,여,71세,경상
2020030600100366,2020년 3월 6일 17시,금요일,서울특별시 도봉구 방학동,사망사고,1,0,0,0,차대차 - 측면충돌,교차로운행방법위반,포장 - 건조,맑음,교차로 - 교차로안,자전거,남,73세,사망,승용,여,39세,상해없음
2020030700100100,2020년 3월 7일 10시,토요일,서울특별시 송파구 잠실동,경상사고,0,0,1,0,차대차 - 정면충돌,안전운전불이행,포장 - 건조,맑음,단일로 - 기타,자전거,여,55세,상해없음,자전거,여,35세,경상
2020030700100188,2020년 3월 7일 13시,토요일,서울특별시 강북구 수유동,중상사고,0,1,0,0,차대차 - 기타,신호위반,포장 - 건조,맑음,단일로 - 기타,자전거,남,31세,상해없음,이륜,남,16세,중상
2020030700100282,2020년 3월 7일 17시,토요일,서울특별시 강남구 삼성동,경상사고,0,0,1,0,차대차 - 추돌,기타,포장 - 건조,맑음,교차로 - 교차로부근,자전거,여,23세,상해없음,자전거,여,44세,경상
2020030700100302,2020년 3월 7일 18시,토요일,서울특별시 동대문구 제기동,경상사고,0,0,1,0,차대차 - 측면충돌,불법유턴,포장 - 건조,맑음,단일로 - 기타,자전거,남,69세,상해없음,이륜,남,42세,경상
2020030800100092,2020년 3월 8일 10시,일요일,서울특별시 마포구 당인동,부상신고사고,0,0,0,1,차량단독 - 전도전복 - 전도,안전운전불이행,포장 - 건조,맑음,단일로 - 기타,자전거,남,46세,부상신고,,,,
2020030800100095,2020년 3월 8일 10시,일요일,서울특별시 서초구 반포동,경상사고,0,0,1,0,차대차 - 추돌,안전운전불이행,포장 - 건조,맑음,기타 - 기타,자전거,여,29세,상해없음,자전거,여,32세,경상
2020030800100111,2020년 3월 8일 11시,일요일,서울특별시 영등포구 당산동,경상사고,0,0,1,1,차대차 - 측면충돌,안전운전불이행,포장 - 건조,맑음,단일로 - 기타,자전거,여,25세,부상신고,자전거,남,36세,경상
2020030800100137,2020년 3월 8일 13시,일요일,서울특별시 용산구 이촌동,경상사고,0,0,1,0,차대차 - 측면충돌,안전운전불이행,포장 - 건조,맑음,교차로 - 교차로안,자전거,여,46세,경상,승용,남,61세,상해없음
2020030800100188,2020년 3월 8일 15시,일요일,서울특별시 강남구 일원동,중상사고,0,1,3,0,차대차 - 기타,안전운전불이행,포장 - 건조,맑음,단일로 - 기타,자전거,여,69세,중상,자전거,남,51세,경상
2020030800100205,2020년 3월 8일 16시,일요일,서울특별시 송파구 석촌동,경상사고,0,0,1,0,차대차 - 측면충돌,안전운전불이행,포장 - 건조,맑음,교차로 - 교차로안,자전거,남,63세,경상,승용,여,55세,상해없음
2020030800100237,2020년 3월 8일 17시,일요일,서울특별시 송파구 장지동,부상신고사고,0,0,0,2,차대차 - 추돌,안전거리미확보,포장 - 건조,맑음,단일로 - 기타,자전거,남,13세,부상신고,자전거,남,14세,상해없음
2020030800100339,2020년 3월 8일 21시,일요일,서울특별시 종로구 숭인동,부상신고사고,0,0,0,1,차대차 - 기타,안전운전불이행,포장 - 건조,맑음,단일로 - 기타,자전거,여,23세,부상신고,기타불명,기타불명,미분류,기타불명
2020030900100411,2020년 3월 9일 19시,월요일,서울특별시 영등포구 대림동,부상신고사고,0,0,0,1,차대차 - 측면충돌,신호위반,포장 - 건조,맑음,교차로 - 교차로안,자전거,여,55세,부상신고,승용,남,64세,상해없음
2020031000100231,2020년 3월 10일 14시,화요일,서울특별시 중랑구 상봉동,경상사고,0,0,1,0,차대차 - 측면충돌,안전운전불이행,포장 - 건조,맑음,교차로 - 교차로안,자전거,남,46세,경상,승용,남,36세,상해없음
2020031000100454,2020년 3월 10일 22시,화요일,서울특별시 동대문구 용두동,경상사고,0,0,1,0,차대차 - 기타,안전운전불이행,포장 - 건조,맑음,교차로 - 교차로안,자전거,여,28세,경상,승용,남,61세,상해없음
2020031100100110,2020년 3월 11일 09시,수요일,서울특별시 동대문구 장안동,경상사고,0,0,1,0,차대차 - 측면충돌,안전운전불이행,포장 - 건조,맑음,교차로 - 교차로안,자전거,남,30세,경상,승용,남,35세,상해없음
2020031100100268,2020년 3월 11일 15시,수요일,서울특별시 용산구 이촌동,경상사고,0,0,1,0,차대사람 - 기타,안전운전불이행,포장 - 건조,맑음,단일로 - 기타,자전거,남,40세,상해없음,보행자,여,60세,경상
2020031200100037,2020년 3월 12일 05시,목요일,서울특별시 강서구 화곡동,부상신고사고,0,0,0,1,차대차 - 기타,안전운전불이행,포장 - 건조,맑음,단일로 - 기타,자전거,남,68세,부상신고,승용,남,57세,상해없음
2020031200100118,2020년 3월 12일 09시,목요일,서울특별시 영등포구 도림동,경상사고,0,0,1,0,차대차 - 측면충돌,안전운전불이행,포장 - 건조,맑음,단일로 - 기타,자전거,여,26세,경상,승용,남,28세,상해없음
2020031200100272,2020년 3월 12일 14시,목요일,서울특별시 송파구 방이동,부상신고사고,0,0,0,1,차대차 - 기타,안전운전불이행,포장 - 건조,맑음,기타 - 기타,자전거,남,68세,부상신고,자전거,남,60세,상해없음
2020031200100406,2020년 3월 12일 18시,목요일,서울특별시 노원구 상계동,경상사고,0,0,1,0,차대차 - 기타,안전운전불이행,포장 - 건조,맑음,교차로 - 교차로안,자전거,남,17세,상해없음,자전거,남,42세,경상
2020031400100125,2020년 3월 14일 09시,토요일,서울특별시 양천구 목동,부상신고사고,0,0,0,1,차량단독 - 기타,안전운전불이행,포장 - 건조,맑음,단일로 - 기타,자전거,여,26세,부상신고,,,,
2020031400100199,2020년 3월 14일 12시,토요일,서울특별시 영등포구 대림동,경상사고,0,0,1,0,차대차 - 기타,안전운전불이행,포장 - 건조,맑음,교차로 - 교차로안,자전거,남,56세,경상,승용,남,33세,상해없음
2020031400100265,2020년 3월 14일 14시,토요일,서울특별시 양천구 목동,경상사고,0,0,2,0,차대차 - 정면충돌,안전운전불이행,포장 - 건조,맑음,기타 - 기타,자전거,남,61세,상해없음,자전거,여,51세,경상
2020031400100333,2020년 3월 14일 16시,토요일,서울특별시 관악구 신림동,경상사고,0,0,1,0,차대차 - 기타,안전운전불이행,포장 - 건조,맑음,교차로 - 교차로안,자전거,남,77세,경상,승합,남,46세,상해없음
2020031400100422,2020년 3월 14일 19시,토요일,서울특별시 송파구 거여동,중상사고,0,1,0,0,차대차 - 기타,신호위반,포장 - 건조,맑음,단일로 - 기타,자전거,남,21세,중상,승용,여,57세,상해없음
2020031500100085,2020년 3월 15일 09시,일요일,서울특별시 광진구 광장동,부상신고사고,0,0,0,1,차대차 - 측면충돌,안전운전불이행,포장 - 건조,맑음,기타 - 기타,자전거,여,61세,부상신고,승용,남,46세,상해없음
2020031500100290,2020년 3월 15일 20시,일요일,서울특별시 영등포구 대림동,경상사고,0,0,1,0,차대차 - 기타,안전운전불이행,포장 - 건조,맑음,교차로 - 교차로횡단보도내,자전거,남,65세,상해없음,승용,남,56세,상해없음
2020031600100211,2020년 3월 16일 12시,월요일,서울특별시 영등포구 대림동,중상사고,0,1,0,0,차대차 - 측면충돌,중앙선침범,포장 - 건조,맑음,교차로 - 교차로안,자전거,여,70세,중상,승용,남,67세,상해없음
2020031600100391,2020년 3월 16일 18시,월요일,서울특별시 성동구 용답동,부상신고사고,0,0,0,1,차대차 - 측면충돌,안전운전불이행,포장 - 건조,맑음,단일로 - 기타,자전거,남,65세,부상신고,승용,남,58세,상해없음
2020031600100435,2020년 3월 16일 19시,월요일,서울특별시 노원구 하계동,경상사고,0,0,1,0,차대차 - 정면충돌,안전운전불이행,포장 - 건조,맑음,단일로 - 기타,자전거,남,13세,경상,자전거,여,19세,상해없음
2020031700100181,2020년 3월 17일 13시,화요일,서울특별시 강서구 등촌동,중상사고,0,1,0,0,차대차 - 기타,안전운전불이행,포장 - 건조,맑음,교차로 - 교차로안,자전거,남,70세,중상,승용,여,34세,상해없음
2020031700100201,2020년 3월 17일 14시,화요일,서울특별시 동대문구 용두동,부상신고사고,0,0,0,1,차대차 - 측면충돌,안전운전불이행,포장 - 건조,맑음,교차로 - 교차로안,자전거,여,26세,부상신고,승합,남,56세,상해없음
2020031700100359,2020년 3월 17일 19시,화요일,서울특별시 동대문구 휘경동,경상사고,0,0,2,0,차대차 - 기타,중앙선침범,포장 - 건조,맑음,미분류 - 미분류,자전거,남,18세,경상,이륜,남,21세,경상
2020031700100360,2020년 3월 17일 19시,화요일,서울특별시 동대문구 답십리동,경상사고,0,0,1,0,차대차 - 기타,안전운전불이행,포장 - 건조,맑음,단일로 - 기타,자전거,남,70세,경상,승용,남,38세,상해없음
2020031800100076,2020년 3월 18일 08시,수요일,서울특별시 성동구 사근동,경상사고,0,0,1,0,차대사람 - 횡단중,안전운전불이행,포장 - 건조,맑음,단일로 - 기타,자전거,남,47세,상해없음,보행자,여,58세,경상
2020031800100078,2020년 3월 18일 08시,수요일,서울특별시 성북구 하월곡동,부상신고사고,0,0,0,1,차대차 - 기타,안전운전불이행,포장 - 건조,맑음,교차로 - 교차로안,자전거,여,47세,부상신고,승용,남,44세,상해없음
2020031800100270,2020년 3월 18일 15시,수요일,서울특별시 은평구 역촌동,부상신고사고,0,0,0,1,차대차 - 측면충돌,안전운전불이행,포장 - 건조,맑음,교차로 - 교차로안,자전거,남,13세,부상신고,승용,여,37세,기타불명
2020031800100327,2020년 3월 18일 17시,수요일,서울특별시 용산구 이태원동,중상사고,0,1,0,0,차대사람 - 보도통행중,기타,포장 - 건조,맑음,기타 - 기타,자전거,남,47세,상해없음,보행자,여,32세,중상
2020031800100333,2020년 3월 18일 17시,수요일,서울특별시 강동구 강일동,중상사고,0,1,0,0,차대사람 - 보도통행중,기타,포장 - 건조,맑음,교차로 - 교차로부근,자전거,남,64세,상해없음,보행자,남,62세,중상
2020031800100435,2020년 3월 18일 20시,수요일,서울특별시 강남구 삼성동,부상신고사고,0,0,0,1,차대차 - 추돌,안전운전불이행,포장 - 건조,맑음,교차로 - 교차로부근,자전거,남,51세,부상신고,자전거,남,42세,상해없음
2020031900100326,2020년 3월 19일 18시,목요일,서울특별시 서초구 서초동,경상사고,0,0,1,0,차대차 - 기타,안전운전불이행,포장 - 건조,맑음,단일로 - 기타,자전거,남,46세,경상,승용,남,59세,상해없음
2020032000100047,2020년 3월 20일 05시,금요일,서울특별시 강북구 수유동,경상사고,0,0,1,0,차대차 - 기타,안전운전불이행,포장 - 건조,맑음,교차로 - 교차로안,자전거,남,61세,경상,화물,남,48세,상해없음
2020032000100176,2020년 3월 20일 11시,금요일,서울특별시 동작구 신대방동,경상사고,0,0,1,0,차대차 - 기타,안전운전불이행,포장 - 건조,맑음,교차로 - 교차로횡단보도내,자전거,여,56세,경상,화물,남,50세,상해없음
2020032000100244,2020년 3월 20일 13시,금요일,서울특별시 송파구 거여동,부상신고사고,0,0,0,1,차대차 - 측면충돌,안전운전불이행,포장 - 건조,맑음,교차로 - 교차로횡단보도내,자전거,남,76세,부상신고,승용,여,67세,상해없음
2020032000100318,2020년 3월 20일 15시,금요일,서울특별시 영등포구 문래동2가,경상사고,0,0,1,0,차대사람 - 횡단중,안전운전불이행,포장 - 건조,맑음,기타 - 기타,자전거,남,40세,기타불명,보행자,남,76세,경상
2020032000100323,2020년 3월 20일 15시,금요일,서울특별시 노원구 공릉동,부상신고사고,0,0,0,1,차대차 - 기타,안전운전불이행,포장 - 건조,맑음,단일로 - 기타,자전거,여,45세,부상신고,승용,남,47세,기타불명
2020032000100476,2020년 3월 20일 19시,금요일,서울특별시 동대문구 장안동,중상사고,0,1,0,0,차대차 - 측면충돌,중앙선침범,포장 - 건조,맑음,단일로 - 기타,자전거,남,58세,중상,화물,남,52세,상해없음
2020032200100087,2020년 3월 22일 09시,일요일,서울특별시 영등포구 당산동,중상사고,0,1,0,0,차대차 - 기타,안전운전불이행,포장 - 건조,맑음,단일로 - 기타,자전거,여,52세,중상,자전거,남,8세,상해없음
2020032200100243,2020년 3월 22일 16시,일요일,서울특별시 강남구 대치동,중상사고,0,1,0,0,차대차 - 정면충돌,안전운전불이행,포장 - 건조,맑음,기타 - 기타,자전거,남,53세,상해없음,자전거,남,51세,중상
2020032200100314,2020년 3월 22일 19시,일요일,서울특별시 중랑구 신내동,중상사고,0,1,0,0,차대차 - 정면충돌,안전운전불이행,포장 - 건조,맑음,단일로 - 기타,자전거,남,61세,중상,승용,남,72세,상해없음