사고번호,사고일시,요일,시군구,사고내용,사망자수,중상자수,경상자수,부상신고자수,사고유형,법규위반,노면상태,기상상태,도로형태,가해운전자 차종,가해운전자 성별,가해운전자 연령,가해운전자 상해정도,피해운전자 차종,피해운전자 성별,피해운전자 연령,피해운전자 상해정도
2020032200100343,2020년 3월 22일 20시,일요일,서울특별시 마포구 대흥동,경상사고,0,0,2,1,차대차 - 측면충돌,신호위반,포장 - 건조,맑음,교차로 - 교차로안,자전거,여,15세,경상,승용,남,72세,상해없음
2020032200100348,2020년 3월 22일 20시,일요일,서울특별시 양천구 신정동,경상사고,0,0,1,0,차대사람 - 차도통행중,안전운전불이행,포장 - 건조,맑음,단일로 - 기타,자전거,남,36세,기타불명,보행자,여,32세,경상
2020032300100072,2020년 3월 23일 08시,월요일,서울특별시 중랑구 상봉동,경상사고,0,0,1,0,차대차 - 측면충돌,불법유턴,포장 - 건조,맑음,교차로 - 교차로부근,자전거,남,51세,경상,승용,여,48세,상해없음
2020032300100074,2020년 3월 23일 08시,월요일,서울특별시 성북구 종암동,경상사고,0,0,1,0,차대차 - 측면충돌,중앙선침범,포장 - 건조,맑음,단일로 - 기타,자전거,여,61세,경상,승합,남,36세,상해없음
2020032300100113,2020년 3월 23일 09시,월요일,서울특별시 은평구 역촌동,경상사고,0,0,1,0,차대차 - 정면충돌,신호위반,포장 - 건조,맑음,교차로 - 교차로안,자전거,남,81세,경상,승용,남,71세,상해없음
2020032300100114,2020년 3월 23일 09시,월요일,서울특별시 강남구 역삼동,중상사고,0,1,0,0,차대차 - 기타,안전운전불이행,포장 - 건조,맑음,단일로 - 기타,자전거,남,31세,중상,이륜,남,41세,상해없음
2020032300100183,2020년 3월 23일 11시,월요일,서울특별시 영등포구 양화동,경상사고,0,0,1,0,차대차 - 추돌,안전운전불이행,포장 - 건조,맑음,단일로 - 기타,자전거,남,76세,경상,자전거,남,74세,상해없음
2020032300100247,2020년 3월 23일 13시,월요일,서울특별시 송파구 문정동,중상사고,0,1,0,0,차대사람 - 기타,안전운전불이행,포장 - 건조,맑음,단일로 - 기타,자전거,남,65세,상해없음,보행자,여,74세,중상
2020032300100308,2020년 3월 23일 15시,월요일,서울특별시 양천구 목동,중상사고,0,1,0,0,차대차 - 측면충돌,안전운전불이행,포장 - 건조,맑음,단일로 - 기타,자전거,남,73세,중상,자전거,남,80세,상해없음
2020032300100399,2020년 3월 23일 18시,월요일,서울특별시 중랑구 묵동,경상사고,0,0,1,0,차대사람 - 보도통행중,기타,포장 - 건조,맑음,단일로 - 기타,자전거,여,24세,상해없음,보행자,여,35세,경상
2020032300100481,2020년 3월 23일 20시,월요일,서울특별시 서대문구 연희동,경상사고,0,0,1,0,차대사람 - 길가장자리구역통행중,안전운전불이행,포장 - 건조,맑음,단일로 - 기타,자전거,남,52세,상해없음,보행자,여,63세,경상
2020032400100265,2020년 3월 24일 14시,화요일,서울특별시 송파구 잠실동,중상사고,0,1,0,0,차대사람 - 횡단중,안전운전불이행,포장 - 건조,맑음,단일로 - 기타,자전거,남,45세,상해없음,보행자,여,70세,중상
2020032400100365,2020년 3월 24일 17시,화요일,서울특별시 동대문구 제기동,부상신고사고,0,0,0,1,차대차 - 측면충돌,차로위반,포장 - 건조,맑음,교차로 - 교차로부근,자전거,남,60세,부상신고,승용,남,63세,상해없음
2020032400100373,2020년 3월 24일 17시,화요일,서울특별시 강남구 대치동,부상신고사고,0,0,0,1,차대차 - 측면충돌,안전운전불이행,포장 - 건조,맑음,단일로 - 기타,자전거,여,24세,부상신고,승용,남,64세,상해없음
2020032400100409,2020년 3월 24일 18시,화요일,서울특별시 성북구 하월곡동,중상사고,0,1,0,0,차대차 - 기타,신호위반,포장 - 건조,맑음,교차로 - 교차로안,자전거,여,59세,중상,원동기,남,18세,기타불명
2020032400100527,2020년 3월 24일 22시,화요일,서울특별시 양천구 목동,중상사고,0,1,0,0,차대차 - 기타,안전운전불이행,포장 - 건조,맑음,단일로 - 기타,자전거,남,50세,중상,승용,남,62세,상해없음
2020032500100056,2020년 3월 25일 07시,수요일,서울특별시 서초구 양재동,중상사고,0,1,0,0,차대사람 - 기타,기타,포장 - 건조,맑음,단일로 - 기타,자전거,남,71세,상해없음,보행자,여,62세,중상
2020032500100075,2020년 3월 25일 08시,수요일,서울특별시 강남구 삼성동,중상사고,0,1,0,0,차대사람 - 보도통행중,기타,포장 - 건조,맑음,기타 - 기타,자전거,남,53세,상해없음,보행자,여,60세,중상
2020032500100133,2020년 3월 25일 10시,수요일,서울특별시 은평구 녹번동,중상사고,0,1,0,0,차대차 - 측면충돌,안전거리미확보,포장 - 건조,맑음,교차로 - 교차로부근,자전거,남,77세,중상,승용,여,40세,상해없음
2020032500100267,2020년 3월 25일 14시,수요일,서울특별시 동대문구 장안동,경상사고,0,0,1,0,차대차 - 기타,안전운전불이행,포장 - 건조,맑음,단일로 - 기타,자전거,남,71세,상해없음,자전거,남,49세,경상
2020032500100403,2020년 3월 25일 18시,수요일,서울특별시 강동구 천호동,경상사고,0,0,1,0,차대사람 - 보도통행중,안전운전불이행,포장 - 건조,맑음,단일로 - 기타,자전거,남,29세,기타불명,보행자,여,59세,경상
2020032500100404,2020년 3월 25일 18시,수요일,서울특별시 도봉구 방학동,경상사고,0,0,1,0,차대사람 - 횡단중,안전운전불이행,포장 - 건조,맑음,단일로 - 기타,자전거,남,55세,경상,보행자,여,60세,상해없음
2020032500100569,2020년 3월 25일 23시,수요일,서울특별시 노원구 상계동,경상사고,0,0,1,0,차대사람 - 횡단중,신호위반,포장 - 건조,맑음,교차로 - 교차로안,자전거,남,23세,상해없음,보행자,여,21세,경상
2020032600100180,2020년 3월 26일 12시,목요일,서울특별시 영등포구 문래동5가,경상사고,0,0,1,0,차대차 - 측면충돌,안전운전불이행,포장 - 건조,맑음,단일로 - 기타,자전거,남,70세,상해없음,자전거,남,71세,경상
2020032600100250,2020년 3월 26일 15시,목요일,서울특별시 중랑구 중화동,중상사고,0,1,0,0,차대차 - 측면충돌,안전운전불이행,포장 - 건조,맑음,교차로 - 교차로안,자전거,남,27세,상해없음,자전거,남,48세,중상
2020032600100274,2020년 3월 26일 16시,목요일,서울특별시 영등포구 당산동2가,부상신고사고,0,0,0,1,차대차 - 기타,신호위반,포장 - 건조,맑음,단일로 - 기타,자전거,남,72세,부상신고,승용,남,66세,상해없음
2020032600100276,2020년 3월 26일 16시,목요일,서울특별시 성동구 금호동4가,부상신고사고,0,0,0,1,차대차 - 측면충돌,안전운전불이행,포장 - 건조,맑음,단일로 - 기타,자전거,여,9세,상해없음,자전거,남,63세,부상신고
2020032600100502,2020년 3월 26일 22시,목요일,서울특별시 구로구 구로동,경상사고,0,0,1,0,차대차 - 측면충돌,중앙선침범,포장 - 젖음/습기,비,교차로 - 교차로안,자전거,여,54세,경상,승용,남,49세,상해없음
2020032700100121,2020년 3월 27일 09시,금요일,서울특별시 중랑구 중화동,부상신고사고,0,0,0,1,차대차 - 측면충돌,기타,포장 - 건조,맑음,단일로 - 기타,자전거,여,56세,부상신고,화물,남,52세,상해없음
2020032700100122,2020년 3월 27일 09시,금요일,서울특별시 양천구 신정동,중상사고,0,1,0,0,차대차 - 기타,안전운전불이행,포장 - 건조,맑음,교차로 - 교차로안,자전거,남,66세,중상,승용,남,28세,상해없음
2020032700100137,2020년 3월 27일 10시,금요일,서울특별시 은평구 응암동,경상사고,0,0,3,0,차대차 - 측면충돌,안전운전불이행,포장 - 건조,맑음,교차로 - 교차로안,자전거,남,19세,경상,승용,남,28세,경상
2020032700100161,2020년 3월 27일 11시,금요일,서울특별시 영등포구 당산동4가,부상신고사고,0,0,0,1,차대차 - 기타,안전운전불이행,포장 - 건조,맑음,교차로 - 교차로안,자전거,남,42세,부상신고,승용,남,39세,상해없음
2020032700100282,2020년 3월 27일 15시,금요일,서울특별시 은평구 응암동,부상신고사고,0,0,0,1,차대차 - 측면충돌,안전운전불이행,포장 - 건조,맑음,교차로 - 교차로횡단보도내,자전거,남,10세,부상신고,승용,남,82세,기타불명
2020032700100344,2020년 3월 27일 17시,금요일,서울특별시 서대문구 연희동,부상신고사고,0,0,0,1,차대차 - 측면충돌,안전운전불이행,포장 - 건조,맑음,교차로 - 교차로안,자전거,여,30세,부상신고,승용,여,60세,상해없음
2020032700100390,2020년 3월 27일 18시,금요일,서울특별시 중랑구 면목동,중상사고,0,1,0,0,차대사람 - 횡단중,보행자보호의무위반,포장 - 건조,맑음,교차로 - 교차로횡단보도내,자전거,남,24세,상해없음,보행자,여,24세,중상
2020032800100003,2020년 3월 28일 00시,토요일,서울특별시 관악구 신림동,경상사고,0,0,1,0,차대차 - 기타,안전운전불이행,포장 - 기타,흐림,교차로 - 교차로안,자전거,남,28세,경상,승용,남,64세,상해없음
2020032800100109,2020년 3월 28일 09시,토요일,서울특별시 광진구 광장동,중상사고,0,1,0,0,차대차 - 측면충돌,안전운전불이행,포장 - 건조,맑음,단일로 - 기타,자전거,남,26세,중상,승용,남,48세,상해없음
2020032800100218,2020년 3월 28일 13시,토요일,서울특별시 동작구 본동,경상사고,0,0,1,0,차대사람 - 기타,안전운전불이행,포장 - 건조,맑음,기타 - 기타,자전거,여,64세,상해없음,보행자,남,33세,경상
2020032800100276,2020년 3월 28일 15시,토요일,서울특별시 영등포구 양화동,중상사고,0,1,0,0,차대차 - 정면충돌,안전운전불이행,포장 - 건조,맑음,단일로 - 기타,자전거,남,67세,상해없음,자전거,여,34세,중상
2020032800100281,2020년 3월 28일 15시,토요일,서울특별시 송파구 방이동,경상사고,0,0,1,0,차대차 - 측면충돌,안전운전불이행,포장 - 건조,맑음,단일로 - 기타,자전거,남,15세,경상,승용,남,43세,상해없음
2020032800100325,2020년 3월 28일 17시,토요일,서울특별시 동대문구 전농동,경상사고,0,0,1,0,차대차 - 기타,신호위반,포장 - 건조,맑음,교차로 - 교차로안,자전거,남,64세,경상,승용,여,62세,상해없음
2020032800100359,2020년 3월 28일 18시,토요일,서울특별시 동작구 흑석동,경상사고,0,0,2,0,차대차 - 추돌,안전운전불이행,포장 - 건조,맑음,단일로 - 기타,자전거,여,31세,경상,자전거,남,13세,경상
2020032900100099,2020년 3월 29일 10시,일요일,서울특별시 송파구 신천동,중상사고,0,1,0,0,차대차 - 기타,안전운전불이행,포장 - 건조,맑음,단일로 - 기타,자전거,여,47세,상해없음,자전거,남,46세,중상
2020032900100174,2020년 3월 29일 14시,일요일,서울특별시 영등포구 대림동,중상사고,0,1,0,1,차대차 - 측면충돌,안전운전불이행,포장 - 건조,맑음,교차로 - 교차로안,자전거,남,36세,부상신고,이륜,여,23세,중상
2020032900100205,2020년 3월 29일 15시,일요일,서울특별시 중랑구 망우동,부상신고사고,0,0,0,1,차대차 - 기타,안전운전불이행,포장 - 건조,맑음,교차로 - 교차로안,자전거,남,57세,부상신고,승용,남,25세,상해없음
2020032900100207,2020년 3월 29일 15시,일요일,서울특별시 강동구 천호동,부상신고사고,0,0,0,1,차대차 - 측면충돌,안전운전불이행,포장 - 건조,맑음,단일로 - 기타,자전거,남,53세,상해없음,자전거,남,82세,부상신고
2020032900100209,2020년 3월 29일 15시,일요일,서울특별시 은평구 역촌동,경상사고,0,0,1,0,차대차 - 측면충돌,안전운전불이행,포장 - 건조,맑음,교차로 - 교차로부근,자전거,남,67세,경상,승용,남,28세,상해없음
2020032900100256,2020년 3월 29일 17시,일요일,서울특별시 동대문구 용두동,경상사고,0,0,2,0,차대사람 - 횡단중,안전운전불이행,포장 - 건조,맑음,단일로 - 기타,자전거,여,47세,경상,보행자,여,67세,경상
2020032900100259,2020년 3월 29일 17시,일요일,서울특별시 강남구 압구정동,경상사고,0,0,1,0,차대사람 - 기타,안전운전불이행,포장 - 건조,맑음,단일로 - 기타,자전거,남,20세,경상,보행자,여,8세,상해없음
2020033000100296,2020년 3월 30일 15시,월요일,서울특별시 구로구 개봉동,경상사고,0,0,1,0,차대사람 - 기타,안전운전불이행,포장 - 건조,맑음,단일로 - 기타,자전거,남,61세,상해없음,보행자,남,58세,경상
2020033000100362,2020년 3월 30일 17시,월요일,서울특별시 강남구 역삼동,경상사고,0,0,1,0,차대차 - 기타,안전운전불이행,포장 - 건조,맑음,미분류 - 미분류,자전거,남,48세,경상,승용,남,49세,상해없음
2020033100100175,2020년 3월 31일 11시,화요일,서울특별시 영등포구 양평동1가,경상사고,0,0,1,0,차대차 - 측면충돌,안전운전불이행,포장 - 건조,맑음,단일로 - 기타,자전거,남,25세,경상,승용,남,35세,상해없음
2020033100100221,2020년 3월 31일 13시,화요일,서울특별시 서대문구 북가좌동,부상신고사고,0,0,0,1,차대차 - 측면충돌,교차로운행방법위반,포장 - 건조,맑음,교차로 - 교차로안,자전거,여,59세,부상신고,화물,남,27세,상해없음
2020033100100222,2020년 3월 31일 13시,화요일,서울특별시 동대문구 장안동,경상사고,0,0,1,0,차대차 - 기타,직진우회전진행방해,포장 - 건조,맑음,교차로 - 교차로안,자전거,여,16세,상해없음,자전거,여,53세,경상
2020033100100256,2020년 3월 31일 14시,화요일,서울특별시 성동구 행당동,경상사고,0,0,1,0,차대차 - 기타,신호위반,포장 - 건조,맑음,교차로 - 교차로안,자전거,여,53세,경상,승용,여,58세,상해없음
2020033100100284,2020년 3월 31일 15시,화요일,서울특별시 동작구 동작동,경상사고,0,0,1,0,차대차 - 정면충돌,기타,포장 - 건조,맑음,단일로 - 기타,자전거,남,45세,기타불명,자전거,남,15세,경상
2020033100100324,2020년 3월 31일 16시,화요일,서울특별시 양천구 신정동,경상사고,0,0,1,0,차대사람 - 기타,안전운전불이행,포장 - 건조,맑음,기타 - 기타,자전거,남,49세,기타불명,보행자,여,68세,경상
2020033100100325,2020년 3월 31일 16시,화요일,서울특별시 양천구 목동,경상사고,0,0,1,0,차대차 - 측면충돌,안전운전불이행,포장 - 건조,맑음,단일로 - 기타,자전거,남,16세,경상,승합,남,59세,상해없음
2020033100100363,2020년 3월 31일 17시,화요일,서울특별시 동대문구 휘경동,경상사고,0,0,1,0,차대차 - 기타,안전운전불이행,포장 - 건조,맑음,단일로 - 기타,자전거,남,62세,상해없음,자전거,남,53세,경상
2020040100100154,2020년 4월 1일 11시,수요일,서울특별시 강동구 암사동,중상사고,0,1,0,0,차대사람 - 기타,안전운전불이행,포장 - 건조,맑음,기타 - 기타,자전거,남,60세,상해없음,보행자,여,59세,중상
2020040100100367,2020년 4월 1일 18시,수요일,서울특별시 동대문구 장안동,중상사고,0,2,0,0,차대차 - 정면충돌,중앙선침범,포장 - 건조,맑음,단일로 - 기타,자전거,남,63세,중상,이륜,남,21세,중상
2020040100100372,2020년 4월 1일 18시,수요일,서울특별시 노원구 상계동,경상사고,0,0,1,0,차대차 - 기타,안전운전불이행,포장 - 건조,맑음,단일로 - 기타,자전거,남,62세,경상,승용,여,55세,상해없음
2020040100100501,2020년 4월 1일 22시,수요일,서울특별시 광진구 화양동,경상사고,0,0,1,0,차대차 - 정면충돌,안전운전불이행,포장 - 건조,맑음,교차로 - 교차로부근,자전거,남,26세,기타불명,이륜,남,24세,경상
2020040200100175,2020년 4월 2일 11시,목요일,서울특별시 성동구 홍익동,경상사고,0,0,1,0,차대차 - 기타,중앙선침범,포장 - 건조,맑음,교차로 - 교차로횡단보도내,자전거,남,61세,상해없음,이륜,남,36세,경상
2020040200100235,2020년 4월 2일 13시,목요일,서울특별시 노원구 상계동,중상사고,0,1,0,0,차대차 - 기타,중앙선침범,포장 - 건조,맑음,교차로 - 교차로안,자전거,여,69세,중상,승용,남,56세,상해없음
2020040200100236,2020년 4월 2일 13시,목요일,서울특별시 강남구 대치동,중상사고,0,2,0,0,차대차 - 기타,안전운전불이행,포장 - 건조,맑음,기타 - 기타,자전거,남,16세,중상,자전거,남,13세,중상
2020040200100269,2020년 4월 2일 14시,목요일,서울특별시 서대문구 홍은동,경상사고,0,0,1,0,차대차 - 기타,안전운전불이행,포장 - 건조,맑음,교차로 - 교차로부근,자전거,남,73세,경상,승용,여,54세,상해없음
2020040200100270,2020년 4월 2일 14시,목요일,서울특별시 마포구 상암동,중상사고,0,1,0,0,차량단독 - 전도전복 - 전복,안전운전불이행,포장 - 건조,맑음,단일로 - 기타,자전거,남,48세,중상,,,,
2020040200100272,2020년 4월 2일 14시,목요일,서울특별시 강남구 압구정동,중상사고,0,1,0,0,차대차 - 정면충돌,교차로운행방법위반,포장 - 건조,맑음,교차로 - 교차로부근,자전거,남,25세,기타불명,자전거,남,38세,중상
2020040200100274,2020년 4월 2일 14시,목요일,서울특별시 강동구 천호동,부상신고사고,0,0,0,1,차대차 - 기타,안전운전불이행,포장 - 건조,맑음,단일로 - 기타,자전거,남,50세,상해없음,자전거,남,64세,부상신고
2020040200100380,2020년 4월 2일 17시,목요일,서울특별시 관악구 봉천동,중상사고,0,1,0,0,차대차 - 측면충돌,안전운전불이행,포장 - 건조,맑음,단일로 - 기타,자전거,여,20세,중상,화물,남,63세,상해없음
2020040200100573,2020년 4월 2일 23시,목요일,서울특별시 영등포구 여의도동,부상신고사고,0,0,0,1,차대차 - 측면충돌,안전운전불이행,포장 - 건조,맑음,단일로 - 기타,자전거,남,42세,부상신고,승용,남,52세,상해없음
2020040300100001,2020년 4월 3일 00시,금요일,서울특별시 은평구 진관동,부상신고사고,0,0,0,1,차량단독 - 기타,안전운전불이행,포장 - 건조,맑음,단일로 - 기타,자전거,남,15세,부상신고,,,,
2020040300100344,2020년 4월 3일 17시,금요일,서울특별시 강북구 미아동,경상사고,0,0,1,0,차대차 - 기타,안전운전불이행,포장 - 건조,맑음,단일로 - 기타,자전거,남,57세,경상,승합,남,46세,상해없음
2020040300100347,2020년 4월 3일 17시,금요일,서울특별시 영등포구 대림동,부상신고사고,0,0,0,1,차대차 - 기타,안전운전불이행,포장 - 건조,맑음,기타 - 기타,자전거,여,46세,부상신고,승용,남,54세,상해없음
2020040300100397,2020년 4월 3일 18시,금요일,서울특별시 강서구 염창동,경상사고,0,0,1,0,차대차 - 기타,안전운전불이행,포장 - 건조,맑음,기타 - 기타,자전거,남,18세,상해없음,자전거,남,63세,경상
2020040300100557,2020년 4월 3일 22시,금요일,서울특별시 강동구 천호동,부상신고사고,0,0,0,1,차대사람 - 보도통행중,안전운전불이행,포장 - 건조,맑음,단일로 - 기타,자전거,남,76세,상해없음,보행자,여,52세,부상신고
2020040400100171,2020년 4월 4일 11시,토요일,서울특별시 노원구 상계동,경상사고,0,0,1,0,차대차 - 측면충돌,안전운전불이행,포장 - 건조,맑음,단일로 - 기타,자전거,남,54세,상해없음,자전거,남,65세,경상
2020040400100208,2020년 4월 4일 12시,토요일,서울특별시 송파구 잠실동,부상신고사고,0,0,0,2,차대차 - 추돌,안전거리미확보,포장 - 건조,맑음,단일로 - 기타,자전거,남,70세,부상신고,자전거,남,70세,부상신고
2020040400100270,2020년 4월 4일 14시,토요일,서울특별시 성동구 성수동1가,경상사고,0,0,1,0,차대차 - 기타,안전운전불이행,포장 - 건조,맑음,단일로 - 기타,자전거,남,61세,상해없음,자전거,여,44세,경상
2020040400100276,2020년 4월 4일 14시,토요일,서울특별시 송파구 잠실동,부상신고사고,0,0,0,1,차대차 - 기타,안전운전불이행,포장 - 건조,맑음,교차로 - 교차로안,자전거,남,81세,부상신고,이륜,기타불명,미분류,기타불명
2020040400100304,2020년 4월 4일 15시,토요일,서울특별시 용산구 후암동,중상사고,0,2,0,0,차대사람 - 횡단중,안전운전불이행,포장 - 건조,맑음,단일로 - 기타,자전거,남,37세,중상,보행자,여,31세,중상
2020040400100308,2020년 4월 4일 15시,토요일,서울특별시 노원구 월계동,경상사고,0,0,1,0,차대차 - 측면충돌,안전운전불이행,포장 - 건조,맑음,기타 - 기타,자전거,남,48세,상해없음,자전거,남,75세,경상
2020040400100353,2020년 4월 4일 16시,토요일,서울특별시 중랑구 중화동,경상사고,0,0,1,0,차대차 - 정면충돌,안전운전불이행,포장 - 건조,맑음,단일로 - 기타,자전거,남,82세,경상,이륜,남,25세,상해없음
2020040400100394,2020년 4월 4일 17시,토요일,서울특별시 영등포구 문래동6가,중상사고,0,1,0,0,차대차 - 기타,안전운전불이행,포장 - 건조,맑음,단일로 - 기타,자전거,남,37세,상해없음,자전거,여,14세,중상
2020040400100439,2020년 4월 4일 18시,토요일,서울특별시 영등포구 신길동,경상사고,0,0,1,0,차대차 - 측면충돌,기타,포장 - 건조,맑음,단일로 - 기타,자전거,여,49세,경상,화물,남,38세,상해없음
2020040500100153,2020년 4월 5일 12시,일요일,서울특별시 노원구 상계동,중상사고,0,1,1,0,차대차 - 측면충돌,안전운전불이행,포장 - 건조,맑음,교차로 - 교차로부근,자전거,남,66세,중상,원동기,남,29세,경상
2020040500100175,2020년 4월 5일 13시,일요일,서울특별시 노원구 상계동,경상사고,0,0,1,0,차대차 - 측면충돌,안전운전불이행,포장 - 건조,맑음,교차로 - 교차로부근,자전거,여,60세,경상,자전거,남,18세,상해없음
2020040500100176,2020년 4월 5일 13시,일요일,서울특별시 노원구 월계동,중상사고,0,1,0,0,차대차 - 추돌,안전운전불이행,포장 - 건조,맑음,단일로 - 기타,자전거,남,39세,중상,자전거,남,10세,상해없음
2020040500100238,2020년 4월 5일 15시,일요일,서울특별시 광진구 자양동,경상사고,0,0,1,0,차대사람 - 기타,안전운전불이행,포장 - 건조,맑음,단일로 - 기타,자전거,남,67세,경상,보행자,남,41세,상해없음
2020040500100242,2020년 4월 5일 15시,일요일,서울특별시 동작구 흑석동,경상사고,0,0,1,0,차대차 - 정면충돌,안전운전불이행,포장 - 건조,맑음,기타 - 기타,자전거,남,21세,경상,자전거,남,50세,상해없음
2020040600100025,2020년 4월 6일 05시,월요일,서울특별시 동작구 대방동,경상사고,0,0,1,0,차대사람 - 횡단중,신호위반,포장 - 건조,맑음,단일로 - 기타,자전거,남,43세,상해없음,보행자,여,51세,경상
2020040600100079,2020년 4월 6일 08시,월요일,서울특별시 중랑구 묵동,경상사고,0,0,1,0,차대차 - 측면충돌,교차로운행방법위반,포장 - 건조,맑음,기타 - 기타,자전거,여,57세,상해없음,자전거,남,60세,경상
2020040600100143,2020년 4월 6일 10시,월요일,서울특별시 영등포구 양평동6가,중상사고,0,1,0,0,차대사람 - 길가장자리구역통행중,안전운전불이행,포장 - 건조,맑음,단일로 - 기타,자전거,남,43세,상해없음,보행자,여,68세,중상
2020040600100144,2020년 4월 6일 10시,월요일,서울특별시 영등포구 당산동6가,중상사고,0,1,0,0,차대차 - 측면충돌,안전운전불이행,포장 - 건조,맑음,단일로 - 기타,자전거,남,51세,상해없음,자전거,남,58세,중상
2020040600100314,2020년 4월 6일 15시,월요일,서울특별시 성동구 용답동,중상사고,0,1,0,0,차대차 - 정면충돌,중앙선침범,포장 - 건조,맑음,단일로 - 기타,자전거,남,13세,기타불명,자전거,남,49세,중상
2020040600100388,2020년 4월 6일 17시,월요일,서울특별시 관악구 신림동,중상사고,0,1,0,0,차대차 - 기타,안전운전불이행,포장 - 건조,맑음,단일로 - 기타,자전거,남,71세,중상,승용,남,46세,상해없음
2020040600100391,2020년 4월 6일 17시,월요일,서울특별시 서초구 반포동,경상사고,0,0,1,0,차대차 - 측면충돌,안전운전불이행,포장 - 건조,맑음,교차로 - 교차로횡단보도내,자전거,남,27세,경상,승용,여,60세,상해없음
2020040700100071,2020년 4월 7일 08시,화요일,서울특별시 관악구 신림동,중상사고,0,1,0,0,차대차 - 기타,안전운전불이행,포장 - 건조,맑음,단일로 - 기타,자전거,남,39세,중상,승용,남,46세,상해없음
2020040700100225,2020년 4월 7일 13시,화요일,서울특별시 성동구 금호동4가,경상사고,0,0,1,0,차대사람 - 횡단중,안전운전불이행,포장 - 건조,맑음,단일로 - 기타,자전거,남,72세,상해없음,보행자,여,52세,경상
2020040700100279,2020년 4월 7일 15시,화요일,서울특별시 중랑구 묵동,중상사고,0,1,1,0,차대사람 - 횡단중,안전운전불이행,포장 - 건조,맑음,단일로 - 기타,자전거,남,31세,경상,보행자,여,77세,중상
2020040700100281,2020년 4월 7일 15시,화요일,서울특별시 송파구 방이동,경상사고,0,0,1,0,차대사람 - 보도통행중,안전운전불이행,포장 - 건조,맑음,단일로 - 기타,자전거,여,23세,상해없음,보행자,여,60세,경상
2020040700100382,2020년 4월 7일 18시,화요일,서울특별시 송파구 방이동,경상사고,0,0,1,1,차대차 - 정면충돌,안전운전불이행,포장 - 건조,맑음,단일로 - 기타,자전거,남,21세,부상신고,자전거,여,28세,경상
2020040700100467,2020년 4월 7일 20시,화요일,서울특별시 영등포구 양평동6가,부상신고사고,0,0,0,1,차대차 - 정면충돌,안전운전불이행,포장 - 건조,맑음,단일로 - 기타,자전거,남,56세,부상신고,자전거,남,50세,상해없음
2020040800100023,2020년 4월 8일 02시,수요일,서울특별시 강서구 마곡동,부상신고사고,0,0,0,1,차대차 - 기타,불법유턴,포장 - 건조,맑음,교차로 - 교차로횡단보도내,자전거,여,17세,부상신고,승용,남,56세,상해없음
2020040800100052,2020년 4월 8일 06시,수요일,서울특별시 영등포구 대림동,중상사고,0,1,0,0,차대차 - 측면충돌,안전운전불이행,포장 - 건조,맑음,교차로 - 교차로횡단보도내,자전거,남,51세,중상,승용,남,32세,상해없음
2020040800100086,2020년 4월 8일 08시,수요일,서울특별시 용산구 한강로2가,경상사고,0,0,1,0,차대사람 - 기타,보행자보호의무위반,포장 - 건조,맑음,교차로 - 교차로안,자전거,남,54세,상해없음,보행자,남,30세,경상
2020040800100090,2020년 4월 8일 08시,수요일,서울특별시 강남구 자곡동,부상신고사고,0,0,0,1,차대차 - 측면충돌,안전운전불이행,포장 - 건조,맑음,단일로 - 기타,자전거,남,40세,부상신고,승용,남,58세,상해없음
2020040800100180,2020년 4월 8일 11시,수요일,서울특별시 종로구 무악동,경상사고,0,0,1,0,차대차 - 측면충돌,안전운전불이행,포장 - 건조,맑음,단일로 - 기타,자전거,남,31세,경상,승용,여,33세,상해없음
2020040800100271,2020년 4월 8일 14시,수요일,서울특별시 노원구 공릉동,경상사고,0,0,1,1,차대사람 - 기타,안전운전불이행,포장 - 건조,맑음,단일로 - 기타,자전거,여,20세,부상신고,보행자,여,75세,경상
2020040800100303,2020년 4월 8일 15시,수요일,서울특별시 동대문구 제기동,부상신고사고,0,0,0,1,차대차 - 기타,직진우회전진행방해,포장 - 건조,맑음,교차로 - 교차로안,자전거,남,16세,부상신고,이륜,남,58세,상해없음
2020040800100335,2020년 4월 8일 16시,수요일,서울특별시 노원구 공릉동,중상사고,0,1,0,0,차대차 - 측면충돌,안전운전불이행,포장 - 건조,맑음,단일로 - 기타,자전거,남,12세,상해없음,자전거,남,69세,중상
2020040800100336,2020년 4월 8일 16시,수요일,서울특별시 은평구 대조동,경상사고,0,0,1,1,차대차 - 측면충돌,안전거리미확보,포장 - 건조,맑음,교차로 - 교차로부근,자전거,남,72세,부상신고,이륜,남,31세,경상