사고번호,사고일시,요일,시군구,사고내용,사망자수,중상자수,경상자수,부상신고자수,사고유형,법규위반,노면상태,기상상태,도로형태,가해운전자 차종,가해운전자 성별,가해운전자 연령,가해운전자 상해정도,피해운전자 차종,피해운전자 성별,피해운전자 연령,피해운전자 상해정도
2020040900100054,2020년 4월 9일 07시,목요일,서울특별시 중랑구 망우동,중상사고,0,1,0,0,차대차 - 측면충돌,교차로운행방법위반,포장 - 건조,맑음,교차로 - 교차로안,자전거,여,66세,중상,승용,남,49세,상해없음
2020040900100117,2020년 4월 9일 09시,목요일,서울특별시 도봉구 쌍문동,경상사고,0,0,1,0,차대차 - 기타,안전운전불이행,포장 - 건조,맑음,교차로 - 교차로부근,자전거,남,80세,경상,승용,여,36세,상해없음
2020040900100199,2020년 4월 9일 12시,목요일,서울특별시 광진구 자양동,중상사고,0,1,0,0,차대사람 - 기타,안전운전불이행,포장 - 건조,맑음,단일로 - 기타,자전거,남,28세,상해없음,보행자,여,64세,중상
2020040900100200,2020년 4월 9일 12시,목요일,서울특별시 영등포구 양화동,경상사고,0,0,2,0,차대차 - 정면충돌,안전운전불이행,포장 - 건조,맑음,단일로 - 기타,자전거,남,32세,경상,자전거,여,55세,경상
2020040900100201,2020년 4월 9일 12시,목요일,서울특별시 금천구 가산동,중상사고,0,1,0,0,차대차 - 기타,안전운전불이행,포장 - 건조,맑음,기타 - 기타,자전거,남,23세,상해없음,자전거,남,58세,중상
2020040900100202,2020년 4월 9일 12시,목요일,서울특별시 중랑구 망우동,부상신고사고,0,0,0,1,차대차 - 기타,신호위반,포장 - 건조,맑음,교차로 - 교차로안,자전거,남,32세,부상신고,승용,남,85세,상해없음
2020040900100239,2020년 4월 9일 13시,목요일,서울특별시 광진구 자양동,부상신고사고,0,0,0,2,차대사람 - 보도통행중,신호위반,포장 - 건조,맑음,단일로 - 기타,자전거,남,57세,상해없음,보행자,남,37세,부상신고
2020040900100272,2020년 4월 9일 14시,목요일,서울특별시 중랑구 중화동,부상신고사고,0,0,0,1,차대차 - 기타,안전운전불이행,포장 - 건조,맑음,기타 - 기타,자전거,남,71세,부상신고,자전거,남,55세,상해없음
2020040900100308,2020년 4월 9일 15시,목요일,서울특별시 도봉구 방학동,부상신고사고,0,0,0,1,차대차 - 기타,안전운전불이행,포장 - 건조,맑음,단일로 - 기타,자전거,남,71세,부상신고,건설기계,남,61세,상해없음
2020040900100396,2020년 4월 9일 17시,목요일,서울특별시 동작구 노량진동,경상사고,0,0,1,0,차대사람 - 기타,안전운전불이행,포장 - 건조,맑음,단일로 - 기타,자전거,여,10세,상해없음,보행자,여,28세,경상
2020040900100401,2020년 4월 9일 17시,목요일,서울특별시 양천구 목동,경상사고,0,0,1,0,차대차 - 기타,안전운전불이행,포장 - 건조,맑음,교차로 - 교차로안,자전거,남,13세,경상,승용,여,60세,상해없음
2020040900100532,2020년 4월 9일 21시,목요일,서울특별시 강북구 미아동,경상사고,0,0,1,0,차대사람 - 보도통행중,기타,비포장 - 건조,맑음,기타 - 기타,자전거,여,24세,상해없음,보행자,남,38세,경상
2020041000100206,2020년 4월 10일 12시,금요일,서울특별시 강북구 미아동,경상사고,0,0,1,0,차대차 - 측면충돌,안전운전불이행,포장 - 건조,맑음,교차로 - 교차로부근,자전거,남,19세,경상,승용,남,67세,상해없음
2020041000100486,2020년 4월 10일 20시,금요일,서울특별시 강서구 등촌동,부상신고사고,0,0,0,1,차대사람 - 기타,안전운전불이행,포장 - 건조,맑음,교차로 - 교차로횡단보도내,자전거,남,62세,상해없음,보행자,여,44세,부상신고
2020041100100089,2020년 4월 11일 08시,토요일,서울특별시 양천구 신정동,중상사고,0,1,0,0,차대차 - 기타,안전운전불이행,포장 - 건조,맑음,교차로 - 교차로부근,자전거,남,45세,중상,기타불명,기타불명,미분류,기타불명
2020041100100159,2020년 4월 11일 11시,토요일,서울특별시 강남구 압구정동,경상사고,0,0,1,0,차대사람 - 횡단중,안전운전불이행,포장 - 건조,맑음,단일로 - 기타,자전거,남,40세,상해없음,보행자,여,18세,경상
2020041100100257,2020년 4월 11일 14시,토요일,서울특별시 강남구 삼성동,부상신고사고,0,0,0,1,차대차 - 측면충돌,안전운전불이행,포장 - 건조,맑음,기타 - 기타,자전거,남,44세,상해없음,자전거,남,27세,부상신고
2020041100100296,2020년 4월 11일 15시,토요일,서울특별시 서초구 잠원동,부상신고사고,0,0,0,1,차대차 - 기타,안전운전불이행,포장 - 건조,맑음,교차로 - 교차로부근,자전거,남,13세,상해없음,자전거,남,34세,부상신고
2020041100100335,2020년 4월 11일 16시,토요일,서울특별시 영등포구 양평동2가,중상사고,0,1,0,0,차대차 - 기타,안전운전불이행,포장 - 건조,맑음,단일로 - 기타,자전거,남,73세,상해없음,자전거,남,46세,중상
2020041100100405,2020년 4월 11일 18시,토요일,서울특별시 중랑구 면목동,부상신고사고,0,0,0,1,차대차 - 측면충돌,안전운전불이행,포장 - 건조,맑음,교차로 - 교차로안,자전거,남,15세,부상신고,승합,남,53세,상해없음
2020041200100052,2020년 4월 12일 04시,일요일,서울특별시 송파구 송파동,경상사고,0,0,2,0,차대차 - 기타,안전운전불이행,포장 - 건조,맑음,기타 - 기타,자전거,남,19세,경상,이륜,남,25세,경상
2020041200100178,2020년 4월 12일 13시,일요일,서울특별시 노원구 공릉동,경상사고,0,0,1,0,차대차 - 측면충돌,안전운전불이행,포장 - 건조,맑음,교차로 - 교차로부근,자전거,여,18세,경상,승용,남,69세,상해없음
2020041200100227,2020년 4월 12일 15시,일요일,서울특별시 성동구 성수동1가,경상사고,0,0,1,0,차대사람 - 보도통행중,기타,포장 - 건조,맑음,단일로 - 교량,자전거,남,54세,상해없음,보행자,남,22세,경상
2020041200100251,2020년 4월 12일 16시,일요일,서울특별시 광진구 자양동,경상사고,0,0,1,0,차대차 - 기타,안전거리미확보,포장 - 건조,맑음,단일로 - 기타,자전거,남,45세,경상,자전거,여,38세,상해없음
2020041200100286,2020년 4월 12일 17시,일요일,서울특별시 성동구 금호동4가,중상사고,0,2,0,0,차대차 - 추돌,안전운전불이행,포장 - 건조,맑음,단일로 - 기타,자전거,남,50세,중상,자전거,여,50세,중상
2020041200100309,2020년 4월 12일 18시,일요일,서울특별시 송파구 문정동,중상사고,0,1,0,0,차대차 - 측면충돌,안전운전불이행,포장 - 건조,맑음,교차로 - 교차로안,자전거,남,37세,중상,자전거,여,11세,상해없음
2020041300100034,2020년 4월 13일 07시,월요일,서울특별시 서대문구 냉천동,부상신고사고,0,0,0,1,차대차 - 기타,안전운전불이행,포장 - 건조,맑음,단일로 - 기타,자전거,남,14세,부상신고,승용,남,29세,상해없음
2020041300100225,2020년 4월 13일 13시,월요일,서울특별시 금천구 가산동,경상사고,0,0,1,0,차대차 - 기타,안전운전불이행,포장 - 건조,맑음,단일로 - 기타,자전거,남,74세,상해없음,자전거,남,79세,경상
2020041300100418,2020년 4월 13일 18시,월요일,서울특별시 성북구 종암동,경상사고,0,0,1,0,차대차 - 측면충돌,안전운전불이행,포장 - 건조,맑음,교차로 - 교차로안,자전거,남,73세,경상,자전거,남,47세,상해없음
2020041300100458,2020년 4월 13일 19시,월요일,서울특별시 성동구 성수동1가,경상사고,0,0,1,0,차대차 - 기타,안전운전불이행,포장 - 건조,맑음,단일로 - 기타,자전거,남,57세,상해없음,자전거,여,44세,경상
2020041300100508,2020년 4월 13일 20시,월요일,서울특별시 중랑구 중화동,중상사고,0,1,0,0,차대차 - 측면충돌,교차로운행방법위반,포장 - 건조,맑음,교차로 - 교차로안,자전거,남,53세,중상,승용,남,56세,상해없음
2020041400100018,2020년 4월 14일 01시,화요일,서울특별시 강남구 대치동,경상사고,0,0,1,0,차대사람 - 기타,기타,포장 - 건조,맑음,기타 - 기타,자전거,여,29세,상해없음,보행자,남,50세,경상
2020041400100110,2020년 4월 14일 09시,화요일,서울특별시 강남구 삼성동,부상신고사고,0,0,0,1,차대차 - 기타,안전운전불이행,포장 - 건조,맑음,단일로 - 기타,자전거,남,74세,부상신고,승용,남,25세,상해없음
2020041400100168,2020년 4월 14일 11시,화요일,서울특별시 노원구 하계동,부상신고사고,0,0,0,1,차대차 - 기타,안전운전불이행,포장 - 건조,맑음,단일로 - 기타,자전거,남,10세,부상신고,승용,여,60세,상해없음
2020041400100238,2020년 4월 14일 13시,화요일,서울특별시 노원구 상계동,경상사고,0,0,1,0,차대사람 - 횡단중,신호위반,포장 - 건조,맑음,교차로 - 교차로횡단보도내,자전거,남,20세,상해없음,보행자,여,60세,경상
2020041400100330,2020년 4월 14일 16시,화요일,서울특별시 강서구 가양동,경상사고,0,0,1,0,차대차 - 측면충돌,안전운전불이행,포장 - 건조,맑음,교차로 - 교차로부근,자전거,남,61세,상해없음,자전거,남,39세,경상
2020041500100065,2020년 4월 15일 06시,수요일,서울특별시 강동구 둔촌동,경상사고,0,0,1,0,차대차 - 기타,중앙선침범,포장 - 건조,맑음,단일로 - 기타,자전거,여,59세,상해없음,승용,남,54세,상해없음
2020041500100195,2020년 4월 15일 13시,수요일,서울특별시 양천구 목동,중상사고,0,1,1,0,차대차 - 추돌,안전운전불이행,포장 - 건조,맑음,단일로 - 기타,자전거,여,51세,중상,자전거,여,30세,경상
2020041500100258,2020년 4월 15일 15시,수요일,서울특별시 영등포구 양화동,중상사고,0,1,0,0,차대차 - 기타,안전운전불이행,포장 - 건조,맑음,단일로 - 기타,자전거,남,71세,상해없음,자전거,남,74세,중상
2020041500100259,2020년 4월 15일 15시,수요일,서울특별시 영등포구 문래동6가,중상사고,0,1,0,0,차대차 - 추돌,안전운전불이행,포장 - 건조,맑음,단일로 - 기타,자전거,남,56세,상해없음,자전거,남,63세,중상
2020041500100260,2020년 4월 15일 15시,수요일,서울특별시 영등포구 양화동,경상사고,0,0,1,1,차대사람 - 기타,안전운전불이행,포장 - 건조,맑음,단일로 - 기타,자전거,여,44세,부상신고,보행자,여,55세,경상
2020041600100037,2020년 4월 16일 05시,목요일,서울특별시 중랑구 면목동,부상신고사고,0,0,0,1,차대차 - 측면충돌,안전운전불이행,포장 - 건조,맑음,단일로 - 기타,자전거,여,56세,부상신고,화물,남,48세,상해없음
2020041600100115,2020년 4월 16일 10시,목요일,서울특별시 동대문구 제기동,부상신고사고,0,0,0,1,차대차 - 측면충돌,안전운전불이행,포장 - 건조,맑음,교차로 - 교차로안,자전거,여,78세,부상신고,이륜,남,17세,상해없음
2020041600100165,2020년 4월 16일 12시,목요일,서울특별시 노원구 중계동,부상신고사고,0,0,0,1,차대차 - 정면충돌,중앙선침범,포장 - 건조,맑음,교차로 - 교차로부근,자전거,남,13세,부상신고,승용,여,53세,상해없음
2020041600100329,2020년 4월 16일 17시,목요일,서울특별시 송파구 가락동,경상사고,0,0,1,0,차대차 - 측면충돌,직진우회전진행방해,포장 - 건조,맑음,교차로 - 교차로안,자전거,여,13세,상해없음,승용,남,58세,상해없음
2020041600100364,2020년 4월 16일 18시,목요일,서울특별시 구로구 천왕동,부상신고사고,0,0,0,1,차대차 - 추돌,안전운전불이행,포장 - 건조,맑음,단일로 - 기타,자전거,남,60세,상해없음,자전거,여,48세,부상신고
2020041600100404,2020년 4월 16일 19시,목요일,서울특별시 강남구 압구정동,경상사고,0,0,1,0,차대차 - 기타,안전운전불이행,포장 - 건조,맑음,단일로 - 기타,자전거,남,54세,경상,승용,남,35세,상해없음
2020041600100470,2020년 4월 16일 21시,목요일,서울특별시 동대문구 용두동,경상사고,0,0,2,0,차대차 - 측면충돌,기타,포장 - 건조,맑음,단일로 - 기타,자전거,여,27세,경상,승용,남,30세,상해없음
2020041700100204,2020년 4월 17일 13시,금요일,서울특별시 영등포구 양평동4가,경상사고,0,0,1,0,차대차 - 정면충돌,안전운전불이행,포장 - 젖음/습기,비,교차로 - 교차로안,자전거,남,16세,경상,화물,남,60세,상해없음
2020041800100095,2020년 4월 18일 08시,토요일,서울특별시 영등포구 당산동1가,경상사고,0,0,1,0,차대차 - 측면충돌,신호위반,포장 - 건조,맑음,교차로 - 교차로안,자전거,남,24세,경상,승용,남,45세,상해없음
2020041800100113,2020년 4월 18일 09시,토요일,서울특별시 양천구 목동,경상사고,0,0,1,0,차대사람 - 기타,안전운전불이행,포장 - 건조,맑음,단일로 - 기타,자전거,남,45세,상해없음,보행자,남,52세,경상
2020041800100137,2020년 4월 18일 10시,토요일,서울특별시 중구 신당동,경상사고,0,0,1,0,차대사람 - 횡단중,보행자보호의무위반,포장 - 건조,맑음,기타 - 기타,자전거,남,26세,상해없음,보행자,남,34세,경상
2020041800100298,2020년 4월 18일 15시,토요일,서울특별시 동작구 사당동,경상사고,0,0,1,0,차대차 - 기타,중앙선침범,포장 - 건조,맑음,단일로 - 기타,자전거,남,36세,경상,화물,남,49세,상해없음
2020041800100340,2020년 4월 18일 16시,토요일,서울특별시 관악구 봉천동,경상사고,0,0,1,0,차대차 - 측면충돌,안전운전불이행,포장 - 건조,맑음,단일로 - 기타,자전거,남,86세,경상,화물,남,47세,기타불명
2020041800100526,2020년 4월 18일 23시,토요일,서울특별시 중랑구 신내동,중상사고,0,1,0,0,차대사람 - 기타,신호위반,포장 - 건조,맑음,교차로 - 교차로횡단보도내,자전거,남,17세,상해없음,보행자,여,70세,중상
2020041800100527,2020년 4월 18일 23시,토요일,서울특별시 서초구 잠원동,부상신고사고,0,0,0,1,차대차 - 측면충돌,안전거리미확보,포장 - 건조,맑음,단일로 - 기타,자전거,남,29세,상해없음,이륜,남,38세,부상신고
2020041900100142,2020년 4월 19일 13시,일요일,서울특별시 영등포구 여의도동,부상신고사고,0,0,0,1,차대사람 - 기타,안전운전불이행,포장 - 건조,맑음,단일로 - 기타,자전거,남,58세,기타불명,보행자,남,32세,부상신고
2020041900100168,2020년 4월 19일 14시,일요일,서울특별시 송파구 장지동,중상사고,0,1,0,0,차대사람 - 기타,안전운전불이행,포장 - 건조,맑음,단일로 - 기타,자전거,남,20세,상해없음,보행자,남,57세,중상
2020042000100072,2020년 4월 20일 08시,월요일,서울특별시 노원구 공릉동,중상사고,0,1,0,0,차대사람 - 차도통행중,안전운전불이행,포장 - 건조,흐림,단일로 - 기타,자전거,남,56세,상해없음,보행자,여,58세,중상
2020042000100102,2020년 4월 20일 09시,월요일,서울특별시 서초구 방배동,경상사고,0,0,1,0,차대차 - 측면충돌,안전운전불이행,포장 - 건조,맑음,단일로 - 기타,자전거,남,38세,경상,승합,남,56세,상해없음
2020042000100364,2020년 4월 20일 17시,월요일,서울특별시 노원구 상계동,경상사고,0,0,1,0,차대차 - 측면충돌,안전운전불이행,포장 - 건조,맑음,단일로 - 기타,자전거,남,21세,경상,승용,남,69세,상해없음
2020042100100107,2020년 4월 21일 09시,화요일,서울특별시 서대문구 홍은동,중상사고,0,1,0,0,차대차 - 측면충돌,안전운전불이행,포장 - 건조,맑음,단일로 - 기타,자전거,남,75세,중상,승용,남,62세,상해없음
2020042100100113,2020년 4월 21일 09시,화요일,서울특별시 송파구 삼전동,중상사고,0,1,0,0,차대차 - 기타,안전운전불이행,포장 - 건조,맑음,단일로 - 기타,자전거,여,67세,기타불명,자전거,여,67세,중상
2020042100100247,2020년 4월 21일 14시,화요일,서울특별시 송파구 잠실동,부상신고사고,0,0,0,1,차대차 - 측면충돌,안전운전불이행,포장 - 건조,맑음,교차로 - 교차로횡단보도내,자전거,남,71세,부상신고,승용,여,63세,상해없음
2020042100100281,2020년 4월 21일 15시,화요일,서울특별시 서초구 반포동,부상신고사고,0,0,0,1,차대차 - 측면충돌,신호위반,포장 - 건조,맑음,교차로 - 교차로안,자전거,남,16세,부상신고,승용,여,45세,상해없음
2020042200100476,2020년 4월 22일 21시,수요일,서울특별시 서대문구 홍제동,경상사고,0,0,1,0,차대차 - 측면충돌,불법유턴,포장 - 건조,맑음,단일로 - 기타,자전거,여,19세,경상,승용,남,56세,상해없음
2020042300100068,2020년 4월 23일 07시,목요일,서울특별시 강동구 천호동,사망사고,1,0,0,0,차대차 - 측면충돌,안전운전불이행,포장 - 건조,맑음,교차로 - 교차로부근,자전거,남,69세,사망,건설기계,남,64세,상해없음
2020042300100275,2020년 4월 23일 15시,목요일,서울특별시 성동구 송정동,중상사고,0,1,0,0,차대차 - 측면충돌,안전운전불이행,포장 - 건조,맑음,단일로 - 기타,자전거,여,20세,상해없음,자전거,여,52세,중상
2020042300100437,2020년 4월 23일 19시,목요일,서울특별시 관악구 봉천동,경상사고,0,0,1,0,차대차 - 기타,안전운전불이행,포장 - 건조,맑음,교차로 - 교차로부근,자전거,남,42세,경상,승용,남,45세,상해없음
2020042400100186,2020년 4월 24일 11시,금요일,서울특별시 강동구 암사동,중상사고,0,1,0,0,차량단독 - 공작물충돌,안전운전불이행,포장 - 건조,맑음,단일로 - 기타,자전거,남,37세,중상,,,,
2020042400100423,2020년 4월 24일 17시,금요일,서울특별시 강동구 둔촌동,중상사고,0,1,0,0,차대사람 - 보도통행중,안전운전불이행,포장 - 건조,맑음,단일로 - 기타,자전거,남,24세,상해없음,보행자,여,55세,중상
2020042400100471,2020년 4월 24일 18시,금요일,서울특별시 양천구 목동,부상신고사고,0,0,0,1,차대차 - 기타,안전운전불이행,포장 - 건조,맑음,교차로 - 교차로안,자전거,남,9세,상해없음,이륜,남,38세,부상신고
2020042400100544,2020년 4월 24일 20시,금요일,서울특별시 관악구 신림동,경상사고,0,0,1,0,차대차 - 추돌,안전운전불이행,포장 - 건조,기타,단일로 - 기타,자전거,남,30세,경상,이륜,남,44세,상해없음
2020042500100018,2020년 4월 25일 01시,토요일,서울특별시 관악구 신림동,중상사고,0,1,0,0,차대차 - 측면충돌,중앙선침범,포장 - 건조,맑음,단일로 - 기타,자전거,남,29세,중상,승용,여,57세,상해없음
2020042500100210,2020년 4월 25일 12시,토요일,서울특별시 동대문구 전농동,경상사고,0,0,1,0,차대차 - 측면충돌,신호위반,포장 - 건조,맑음,교차로 - 교차로안,자전거,남,36세,경상,승용,남,69세,상해없음
2020042500100249,2020년 4월 25일 13시,토요일,서울특별시 영등포구 양평동,경상사고,0,0,1,0,차대차 - 추돌,안전운전불이행,포장 - 건조,맑음,단일로 - 기타,자전거,기타불명,미분류,기타불명,자전거,여,53세,경상
2020042500100251,2020년 4월 25일 13시,토요일,서울특별시 중랑구 중화동,경상사고,0,0,1,0,차대차 - 기타,안전운전불이행,포장 - 건조,맑음,단일로 - 기타,자전거,남,65세,상해없음,이륜,남,42세,경상
2020042500100315,2020년 4월 25일 15시,토요일,서울특별시 송파구 신천동,부상신고사고,0,0,0,2,차대차 - 측면충돌,안전운전불이행,포장 - 건조,맑음,단일로 - 기타,자전거,남,39세,부상신고,자전거,남,63세,부상신고
2020042500100348,2020년 4월 25일 16시,토요일,서울특별시 송파구 삼전동,경상사고,0,0,1,0,차대차 - 측면충돌,안전운전불이행,포장 - 건조,맑음,교차로 - 교차로안,자전거,남,65세,경상,승용,남,66세,상해없음
2020042500100424,2020년 4월 25일 18시,토요일,서울특별시 강서구 방화동,경상사고,0,0,1,0,차대차 - 기타,안전운전불이행,포장 - 건조,맑음,단일로 - 기타,자전거,남,18세,상해없음,자전거,여,65세,상해없음
2020042600100055,2020년 4월 26일 04시,일요일,서울특별시 강동구 천호동,중상사고,0,1,1,0,차대차 - 추돌,안전운전불이행,포장 - 건조,맑음,교차로 - 교차로안,자전거,남,52세,중상,자전거,여,40세,경상
2020042600100056,2020년 4월 26일 04시,일요일,서울특별시 서초구 반포동,경상사고,0,0,1,0,차대차 - 측면충돌,안전운전불이행,포장 - 건조,맑음,단일로 - 기타,자전거,남,33세,상해없음,자전거,여,11세,경상
2020042600100144,2020년 4월 26일 11시,일요일,서울특별시 강동구 암사동,중상사고,0,1,0,0,차대차 - 기타,안전운전불이행,포장 - 건조,맑음,단일로 - 기타,자전거,여,45세,상해없음,자전거,남,66세,중상
2020042600100145,2020년 4월 26일 11시,일요일,서울특별시 구로구 신도림동,중상사고,0,1,0,0,차대차 - 기타,중앙선침범,포장 - 건조,맑음,교차로 - 교차로부근,자전거,남,46세,중상,승용,남,46세,상해없음
2020042600100204,2020년 4월 26일 14시,일요일,서울특별시 마포구 상수동,중상사고,0,1,0,0,차대차 - 추돌,안전운전불이행,포장 - 건조,맑음,단일로 - 기타,자전거,남,24세,상해없음,자전거,남,86세,중상
2020042600100205,2020년 4월 26일 14시,일요일,서울특별시 영등포구 당산동3가,경상사고,0,0,1,0,차대차 - 측면충돌,안전운전불이행,포장 - 건조,맑음,교차로 - 교차로안,자전거,여,32세,경상,승용,남,57세,상해없음
2020042600100234,2020년 4월 26일 15시,일요일,서울특별시 영등포구 당산동,부상신고사고,0,0,0,1,차대차 - 측면충돌,안전운전불이행,포장 - 건조,맑음,단일로 - 기타,자전거,여,60세,부상신고,자전거,여,24세,상해없음
2020042600100235,2020년 4월 26일 15시,일요일,서울특별시 금천구 가산동,경상사고,0,0,1,0,차대사람 - 보도통행중,기타,포장 - 건조,맑음,기타 - 기타,자전거,남,69세,상해없음,보행자,여,46세,경상
2020042600100269,2020년 4월 26일 16시,일요일,서울특별시 영등포구 양평동6가,경상사고,0,0,2,0,차대차 - 측면충돌,안전운전불이행,포장 - 건조,맑음,기타 - 기타,자전거,남,53세,경상,자전거,여,33세,경상
2020042600100270,2020년 4월 26일 16시,일요일,서울특별시 동작구 본동,중상사고,0,1,0,0,차대차 - 추돌,안전운전불이행,포장 - 건조,맑음,단일로 - 기타,자전거,기타불명,미분류,기타불명,자전거,남,29세,중상
2020042600100308,2020년 4월 26일 17시,일요일,서울특별시 강북구 수유동,경상사고,0,0,1,0,차대차 - 기타,안전운전불이행,포장 - 건조,맑음,단일로 - 기타,자전거,여,37세,경상,승용,남,36세,상해없음
2020042600100311,2020년 4월 26일 17시,일요일,서울특별시 영등포구 당산동,경상사고,0,0,1,0,차대차 - 정면충돌,안전운전불이행,포장 - 건조,맑음,단일로 - 기타,자전거,남,56세,상해없음,자전거,남,57세,경상
2020042600100312,2020년 4월 26일 17시,일요일,서울특별시 동작구 노량진동,경상사고,0,0,1,0,차대차 - 기타,안전운전불이행,포장 - 건조,맑음,기타 - 기타,자전거,남,34세,상해없음,자전거,여,27세,경상
2020042700100314,2020년 4월 27일 15시,월요일,서울특별시 성동구 하왕십리동,경상사고,0,0,1,0,차대사람 - 기타,기타,포장 - 건조,맑음,기타 - 기타,자전거,여,63세,상해없음,보행자,남,48세,경상
2020042700100404,2020년 4월 27일 17시,월요일,서울특별시 강동구 성내동,경상사고,0,0,1,0,차대차 - 측면충돌,안전운전불이행,포장 - 건조,맑음,교차로 - 교차로안,자전거,여,62세,경상,승합,남,72세,상해없음
2020042700100489,2020년 4월 27일 19시,월요일,서울특별시 강서구 등촌동,부상신고사고,0,0,0,1,차대차 - 측면충돌,안전운전불이행,포장 - 건조,맑음,교차로 - 교차로횡단보도내,자전거,여,27세,부상신고,승용,여,55세,상해없음
2020042700100529,2020년 4월 27일 20시,월요일,서울특별시 금천구 시흥동,경상사고,0,0,1,0,차대차 - 기타,안전운전불이행,포장 - 건조,맑음,단일로 - 기타,자전거,남,14세,상해없음,자전거,여,30세,경상
2020042700100584,2020년 4월 27일 22시,월요일,서울특별시 중구 을지로2가,경상사고,0,0,1,0,차대사람 - 기타,안전운전불이행,포장 - 건조,맑음,단일로 - 기타,자전거,남,25세,상해없음,보행자,남,38세,경상
2020042800100196,2020년 4월 28일 11시,화요일,서울특별시 동대문구 청량리동,중상사고,0,1,0,0,차량단독 - 기타,안전운전불이행,포장 - 건조,맑음,단일로 - 기타,자전거,남,83세,중상,,,,
2020042800100259,2020년 4월 28일 13시,화요일,서울특별시 송파구 방이동,경상사고,0,0,1,1,차대사람 - 차도통행중,안전운전불이행,포장 - 건조,맑음,단일로 - 기타,자전거,남,13세,부상신고,보행자,남,2세,경상
2020042800100422,2020년 4월 28일 17시,화요일,서울특별시 송파구 신천동,경상사고,0,0,1,0,차대차 - 측면충돌,안전운전불이행,포장 - 건조,맑음,단일로 - 기타,자전거,남,80세,경상,승합,남,37세,상해없음
2020042900100076,2020년 4월 29일 08시,수요일,서울특별시 마포구 상수동,경상사고,0,0,1,0,차대사람 - 기타,기타,포장 - 건조,맑음,기타 - 기타,자전거,여,25세,상해없음,보행자,여,29세,경상
2020042900100107,2020년 4월 29일 09시,수요일,서울특별시 도봉구 창동,부상신고사고,0,0,0,1,차대차 - 정면충돌,안전운전불이행,포장 - 건조,맑음,단일로 - 기타,자전거,남,60세,부상신고,자전거,여,43세,상해없음
2020042900100139,2020년 4월 29일 10시,수요일,서울특별시 중랑구 중화동,경상사고,0,0,1,0,차량단독 - 공작물충돌,안전운전불이행,포장 - 건조,맑음,단일로 - 기타,자전거,남,77세,경상,,,,
2020042900100214,2020년 4월 29일 12시,수요일,서울특별시 영등포구 대림동,경상사고,0,0,1,1,차대사람 - 횡단중,안전운전불이행,포장 - 건조,맑음,단일로 - 기타,자전거,남,28세,부상신고,보행자,남,56세,경상
2020042900100318,2020년 4월 29일 15시,수요일,서울특별시 금천구 가산동,경상사고,0,0,1,0,차량단독 - 기타,안전운전불이행,포장 - 건조,맑음,단일로 - 기타,자전거,남,81세,경상,,,,
2020042900100323,2020년 4월 29일 15시,수요일,서울특별시 송파구 가락동,중상사고,0,1,0,0,차대사람 - 보도통행중,안전운전불이행,포장 - 건조,맑음,기타 - 기타,자전거,남,11세,상해없음,보행자,여,51세,중상
2020042900100409,2020년 4월 29일 17시,수요일,서울특별시 서초구 내곡동,부상신고사고,0,0,0,1,차대차 - 추돌,안전운전불이행,포장 - 건조,맑음,단일로 - 기타,자전거,남,11세,상해없음,자전거,남,71세,부상신고
2020042900100467,2020년 4월 29일 18시,수요일,서울특별시 송파구 문정동,중상사고,0,1,0,1,차대차 - 측면충돌,안전운전불이행,포장 - 건조,맑음,단일로 - 기타,자전거,남,45세,중상,자전거,여,32세,부상신고
2020042900100514,2020년 4월 29일 19시,수요일,서울특별시 서초구 반포동,경상사고,0,0,1,0,차대차 - 측면충돌,중앙선침범,포장 - 건조,맑음,단일로 - 교량,자전거,남,45세,경상,자전거,남,52세,상해없음
2020043000100147,2020년 4월 30일 10시,목요일,서울특별시 강남구 일원동,경상사고,0,0,2,0,차대차 - 정면충돌,안전운전불이행,포장 - 건조,맑음,단일로 - 기타,자전거,여,45세,경상,자전거,남,56세,경상
2020043000100250,2020년 4월 30일 13시,목요일,서울특별시 중랑구 상봉동,경상사고,0,0,2,1,차대차 - 기타,안전운전불이행,포장 - 건조,맑음,기타 - 기타,자전거,여,53세,상해없음,자전거,여,39세,부상신고
2020043000100252,2020년 4월 30일 13시,목요일,서울특별시 도봉구 쌍문동,경상사고,0,0,1,0,차대사람 - 차도통행중,안전운전불이행,포장 - 건조,맑음,단일로 - 기타,자전거,여,24세,상해없음,보행자,남,75세,경상