사고번호,사고일시,요일,시군구,사고내용,사망자수,중상자수,경상자수,부상신고자수,사고유형,법규위반,노면상태,기상상태,도로형태,가해운전자 차종,가해운전자 성별,가해운전자 연령,가해운전자 상해정도,피해운전자 차종,피해운전자 성별,피해운전자 연령,피해운전자 상해정도
2020051800100318,2020년 5월 18일 15시,월요일,서울특별시 송파구 잠실동,중상사고,0,1,1,1,차대차 - 측면충돌,안전운전불이행,포장 - 젖음/습기,흐림,단일로 - 기타,자전거,남,13세,부상신고,자전거,여,62세,중상
2020051800100373,2020년 5월 18일 16시,월요일,서울특별시 노원구 중계동,중상사고,0,1,0,0,차대사람 - 보도통행중,기타,포장 - 젖음/습기,비,단일로 - 기타,자전거,기타불명,미분류,기타불명,보행자,여,55세,중상
2020051900100041,2020년 5월 19일 05시,화요일,서울특별시 노원구 상계동,경상사고,0,0,1,0,차대차 - 측면충돌,안전운전불이행,포장 - 건조,맑음,교차로 - 교차로부근,자전거,남,80세,경상,승용,남,26세,상해없음
2020051900100283,2020년 5월 19일 15시,화요일,서울특별시 도봉구 창동,경상사고,0,0,1,0,차대사람 - 횡단중,안전운전불이행,포장 - 건조,맑음,교차로 - 교차로부근,자전거,남,72세,상해없음,보행자,여,84세,경상
2020051900100326,2020년 5월 19일 16시,화요일,서울특별시 노원구 상계동,경상사고,0,0,1,0,차대사람 - 보도통행중,안전운전불이행,포장 - 건조,맑음,기타 - 기타,자전거,남,9세,상해없음,보행자,여,72세,경상
2020051900100364,2020년 5월 19일 17시,화요일,서울특별시 광진구 자양동,경상사고,0,0,1,0,차대사람 - 기타,안전운전불이행,포장 - 건조,맑음,단일로 - 기타,자전거,남,65세,경상,보행자,남,4세,상해없음
2020052000100170,2020년 5월 20일 10시,수요일,서울특별시 성동구 행당동,경상사고,0,0,1,1,차대차 - 측면충돌,안전운전불이행,포장 - 건조,맑음,단일로 - 기타,자전거,남,65세,경상,이륜,남,35세,부상신고
2020052000100302,2020년 5월 20일 13시,수요일,서울특별시 노원구 하계동,부상신고사고,0,0,0,1,차대차 - 측면충돌,불법유턴,포장 - 건조,맑음,교차로 - 교차로횡단보도내,자전거,남,68세,부상신고,승용,여,67세,상해없음
2020052000100376,2020년 5월 20일 15시,수요일,서울특별시 양천구 신정동,부상신고사고,0,0,0,1,차대사람 - 기타,안전운전불이행,포장 - 건조,맑음,단일로 - 기타,자전거,남,68세,상해없음,보행자,여,6세,부상신고
2020052000100457,2020년 5월 20일 17시,수요일,서울특별시 영등포구 문래동6가,경상사고,0,0,1,1,차대사람 - 횡단중,안전운전불이행,포장 - 건조,맑음,단일로 - 기타,자전거,여,33세,부상신고,보행자,남,2세,경상
2020052000100513,2020년 5월 20일 18시,수요일,서울특별시 성동구 용답동,경상사고,0,0,1,0,차대차 - 측면충돌,안전운전불이행,포장 - 건조,맑음,단일로 - 기타,자전거,남,33세,경상,승용,남,49세,상해없음
2020052000100566,2020년 5월 20일 19시,수요일,서울특별시 동대문구 장안동,중상사고,0,1,0,0,차대차 - 측면충돌,직진우회전진행방해,포장 - 건조,맑음,교차로 - 교차로안,자전거,남,48세,상해없음,자전거,여,51세,중상
2020052000100648,2020년 5월 20일 22시,수요일,서울특별시 광진구 구의동,중상사고,0,1,0,0,차대차 - 기타,안전운전불이행,포장 - 건조,맑음,단일로 - 기타,자전거,남,9세,상해없음,자전거,남,28세,중상
2020052100100077,2020년 5월 21일 08시,목요일,서울특별시 중랑구 면목동,중상사고,0,1,0,0,차대차 - 측면충돌,교차로운행방법위반,포장 - 건조,맑음,교차로 - 교차로안,자전거,여,51세,중상,승용,남,71세,상해없음
2020052100100125,2020년 5월 21일 09시,목요일,서울특별시 동작구 본동,경상사고,0,0,1,0,차량단독 - 공작물충돌,안전운전불이행,포장 - 건조,맑음,기타 - 기타,자전거,여,31세,경상,,,,
2020052100100154,2020년 5월 21일 10시,목요일,서울특별시 금천구 시흥동,경상사고,0,0,1,0,차대사람 - 길가장자리구역통행중,기타,포장 - 건조,맑음,단일로 - 기타,자전거,남,71세,상해없음,보행자,여,70세,경상
2020052100100192,2020년 5월 21일 11시,목요일,서울특별시 마포구 신수동,경상사고,0,0,1,0,차대차 - 측면충돌,중앙선침범,포장 - 건조,맑음,단일로 - 기타,자전거,남,49세,경상,승용,남,46세,상해없음
2020052100100407,2020년 5월 21일 17시,목요일,서울특별시 마포구 망원동,경상사고,0,0,1,0,차대차 - 기타,안전운전불이행,포장 - 건조,맑음,기타 - 기타,자전거,여,20세,상해없음,자전거,남,39세,경상
2020052100100421,2020년 5월 21일 17시,목요일,서울특별시 강남구 수서동,중상사고,0,1,0,1,차대사람 - 기타,안전운전불이행,포장 - 건조,맑음,단일로 - 기타,자전거,남,16세,부상신고,보행자,여,74세,중상
2020052100100475,2020년 5월 21일 18시,목요일,서울특별시 영등포구 양평동4가,경상사고,0,0,1,0,차대사람 - 보도통행중,기타,포장 - 건조,맑음,단일로 - 기타,자전거,여,30세,상해없음,보행자,여,33세,경상
2020052100100480,2020년 5월 21일 18시,목요일,서울특별시 송파구 송파동,경상사고,0,0,1,0,차대사람 - 기타,안전운전불이행,포장 - 건조,맑음,단일로 - 기타,자전거,여,23세,상해없음,보행자,남,52세,경상
2020052100100529,2020년 5월 21일 19시,목요일,서울특별시 송파구 방이동,경상사고,0,0,1,0,차대차 - 측면충돌,안전운전불이행,포장 - 건조,맑음,교차로 - 교차로부근,자전거,남,13세,경상,승용,남,23세,상해없음
2020052100100602,2020년 5월 21일 22시,목요일,서울특별시 도봉구 쌍문동,경상사고,0,0,1,0,차대차 - 기타,안전운전불이행,포장 - 건조,흐림,교차로 - 교차로안,자전거,남,72세,상해없음,이륜,남,26세,경상
2020052200100048,2020년 5월 22일 06시,금요일,서울특별시 성동구 마장동,경상사고,0,0,1,0,차대차 - 추돌,안전거리미확보,포장 - 건조,맑음,단일로 - 기타,자전거,여,34세,경상,화물,남,23세,상해없음
2020052200100065,2020년 5월 22일 07시,금요일,서울특별시 동대문구 전농동,경상사고,0,0,1,0,차대차 - 측면충돌,안전운전불이행,포장 - 건조,맑음,교차로 - 교차로안,자전거,남,63세,경상,화물,남,56세,상해없음
2020052200100084,2020년 5월 22일 08시,금요일,서울특별시 은평구 응암동,경상사고,0,0,1,0,차대사람 - 차도통행중,안전운전불이행,포장 - 건조,맑음,단일로 - 기타,자전거,남,37세,상해없음,보행자,여,26세,경상
2020052200100085,2020년 5월 22일 08시,금요일,서울특별시 송파구 거여동,경상사고,0,0,1,0,차대차 - 정면충돌,중앙선침범,포장 - 건조,맑음,교차로 - 교차로부근,자전거,남,53세,경상,화물,남,54세,상해없음
2020052200100086,2020년 5월 22일 08시,금요일,서울특별시 송파구 신천동,경상사고,0,0,1,0,차대사람 - 보도통행중,안전운전불이행,포장 - 건조,맑음,주차장 - 주차장,자전거,여,24세,상해없음,보행자,여,37세,경상
2020052200100156,2020년 5월 22일 10시,금요일,서울특별시 강북구 수유동,부상신고사고,0,0,0,1,차대차 - 측면충돌,기타,포장 - 건조,맑음,단일로 - 기타,자전거,남,80세,부상신고,기타불명,기타불명,미분류,기타불명
2020052200100257,2020년 5월 22일 13시,금요일,서울특별시 영등포구 당산동2가,부상신고사고,0,0,0,1,차대차 - 기타,안전운전불이행,포장 - 건조,맑음,교차로 - 교차로안,자전거,남,62세,부상신고,화물,남,65세,상해없음
2020052200100346,2020년 5월 22일 15시,금요일,서울특별시 강동구 천호동,중상사고,0,1,0,0,차대차 - 측면충돌,안전운전불이행,포장 - 건조,맑음,단일로 - 기타,자전거,남,57세,상해없음,자전거,여,50세,중상
2020052200100432,2020년 5월 22일 17시,금요일,서울특별시 도봉구 창동,부상신고사고,0,0,0,1,차대차 - 측면충돌,직진우회전진행방해,포장 - 건조,맑음,교차로 - 교차로안,자전거,남,8세,부상신고,승용,남,62세,상해없음
2020052300100071,2020년 5월 23일 07시,토요일,서울특별시 성북구 하월곡동,부상신고사고,0,0,0,1,차대차 - 측면충돌,안전거리미확보,포장 - 건조,맑음,기타 - 기타,자전거,남,60세,부상신고,승합,남,54세,상해없음
2020052300100134,2020년 5월 23일 10시,토요일,서울특별시 마포구 하중동,중상사고,0,1,0,0,차대차 - 기타,안전운전불이행,포장 - 건조,맑음,단일로 - 기타,자전거,남,40세,중상,자전거,남,28세,상해없음
2020052300100163,2020년 5월 23일 11시,토요일,서울특별시 송파구 풍납동,중상사고,0,1,0,0,차대차 - 측면충돌,안전운전불이행,포장 - 건조,맑음,단일로 - 기타,자전거,남,53세,상해없음,자전거,여,51세,중상
2020052300100218,2020년 5월 23일 12시,토요일,서울특별시 강남구 수서동,경상사고,0,0,1,0,차대차 - 추돌,안전운전불이행,포장 - 건조,맑음,단일로 - 기타,자전거,남,59세,경상,자전거,남,26세,상해없음
2020052300100256,2020년 5월 23일 13시,토요일,서울특별시 중구 흥인동,경상사고,0,0,1,0,차대사람 - 기타,보행자보호의무위반,포장 - 건조,맑음,교차로 - 교차로부근,자전거,남,65세,상해없음,보행자,남,52세,경상
2020052300100262,2020년 5월 23일 13시,토요일,서울특별시 송파구 송파동,중상사고,0,1,0,0,차대차 - 측면충돌,안전운전불이행,포장 - 건조,맑음,단일로 - 기타,자전거,남,49세,상해없음,자전거,여,76세,중상
2020052300100343,2020년 5월 23일 15시,토요일,서울특별시 동대문구 이문동,중상사고,0,1,0,0,차대사람 - 기타,안전운전불이행,포장 - 건조,맑음,단일로 - 기타,자전거,남,12세,상해없음,보행자,여,69세,중상
2020052300100377,2020년 5월 23일 16시,토요일,서울특별시 영등포구 여의도동,부상신고사고,0,0,0,1,차대차 - 추돌,안전운전불이행,포장 - 건조,맑음,기타 - 기타,자전거,남,45세,부상신고,자전거,남,44세,상해없음
2020052300100419,2020년 5월 23일 17시,토요일,서울특별시 마포구 성산동,중상사고,0,1,0,0,차대차 - 기타,안전운전불이행,포장 - 건조,맑음,기타 - 기타,자전거,남,63세,상해없음,자전거,남,44세,중상
2020052400100223,2020년 5월 24일 14시,일요일,서울특별시 금천구 시흥동,부상신고사고,0,0,0,1,차대사람 - 기타,안전운전불이행,포장 - 건조,맑음,단일로 - 기타,자전거,여,67세,상해없음,보행자,여,3세,부상신고
2020052400100260,2020년 5월 24일 15시,일요일,서울특별시 송파구 풍납동,경상사고,0,0,1,0,차대차 - 정면충돌,안전운전불이행,포장 - 건조,맑음,단일로 - 기타,자전거,남,42세,상해없음,자전거,남,62세,경상
2020052400100285,2020년 5월 24일 16시,일요일,서울특별시 강동구 천호동,경상사고,0,0,1,0,차대사람 - 기타,안전운전불이행,포장 - 건조,맑음,기타 - 기타,자전거,여,30세,상해없음,보행자,여,4세,경상
2020052400100308,2020년 5월 24일 17시,일요일,서울특별시 동작구 본동,경상사고,0,0,1,0,차대차 - 측면충돌,안전운전불이행,포장 - 건조,맑음,단일로 - 기타,자전거,남,39세,상해없음,자전거,여,25세,경상
2020052400100338,2020년 5월 24일 18시,일요일,서울특별시 구로구 구로동,경상사고,0,0,1,0,차대차 - 추돌,안전거리미확보,포장 - 건조,맑음,기타 - 기타,자전거,기타불명,미분류,기타불명,자전거,남,85세,경상
2020052400100339,2020년 5월 24일 18시,일요일,서울특별시 서초구 잠원동,경상사고,0,0,2,0,차대차 - 추돌,안전운전불이행,포장 - 건조,맑음,기타 - 기타,자전거,여,24세,경상,자전거,여,43세,경상
2020052400100396,2020년 5월 24일 20시,일요일,서울특별시 송파구 거여동,중상사고,0,1,0,0,차량단독 - 기타,안전운전불이행,포장 - 건조,맑음,단일로 - 기타,자전거,남,49세,중상,,,,
2020052400100397,2020년 5월 24일 20시,일요일,서울특별시 서초구 반포동,경상사고,0,0,1,0,차대사람 - 보도통행중,안전운전불이행,포장 - 건조,맑음,단일로 - 지하차도(도로)내,자전거,여,41세,상해없음,보행자,남,25세,경상
2020052400100430,2020년 5월 24일 21시,일요일,서울특별시 영등포구 양화동,경상사고,0,0,1,0,차대사람 - 보도통행중,보행자보호의무위반,포장 - 건조,맑음,단일로 - 기타,자전거,남,23세,상해없음,보행자,남,56세,경상
2020052500100120,2020년 5월 25일 09시,월요일,서울특별시 송파구 오금동,중상사고,0,2,1,0,차대차 - 측면충돌,안전거리미확보,포장 - 건조,맑음,단일로 - 기타,자전거,남,66세,중상,이륜,남,18세,중상
2020052500100176,2020년 5월 25일 11시,월요일,서울특별시 관악구 신림동,중상사고,0,1,0,0,차대차 - 측면충돌,안전거리미확보,포장 - 건조,맑음,단일로 - 기타,자전거,남,83세,중상,승용,여,69세,상해없음
2020052500100322,2020년 5월 25일 15시,월요일,서울특별시 강동구 천호동,경상사고,0,0,1,0,차대사람 - 길가장자리구역통행중,안전운전불이행,포장 - 건조,맑음,기타 - 기타,자전거,남,71세,상해없음,보행자,여,80세,경상
2020052500100323,2020년 5월 25일 15시,월요일,서울특별시 강동구 길동,부상신고사고,0,0,0,1,차대사람 - 기타,안전운전불이행,포장 - 건조,맑음,기타 - 기타,자전거,남,8세,상해없음,보행자,여,78세,부상신고
2020052500100391,2020년 5월 25일 17시,월요일,서울특별시 광진구 자양동,중상사고,0,1,0,0,차대차 - 기타,신호위반,포장 - 건조,맑음,교차로 - 교차로안,자전거,남,73세,중상,자전거,남,45세,상해없음
2020052500100438,2020년 5월 25일 18시,월요일,서울특별시 송파구 신천동,경상사고,0,0,1,0,차대차 - 측면충돌,안전운전불이행,포장 - 건조,맑음,단일로 - 기타,자전거,남,36세,상해없음,기타불명,남,33세,경상
2020052500100484,2020년 5월 25일 19시,월요일,서울특별시 서초구 반포동,경상사고,0,0,1,0,차대차 - 추돌,안전운전불이행,포장 - 건조,맑음,기타 - 기타,자전거,남,61세,상해없음,자전거,여,25세,경상
2020052500100563,2020년 5월 25일 22시,월요일,서울특별시 영등포구 여의도동,경상사고,0,0,2,0,차대차 - 기타,안전운전불이행,포장 - 건조,맑음,단일로 - 기타,자전거,여,25세,경상,자전거,여,31세,경상
2020052600100437,2020년 5월 26일 18시,화요일,서울특별시 중랑구 신내동,부상신고사고,0,0,0,1,차대차 - 측면충돌,안전운전불이행,포장 - 건조,맑음,교차로 - 교차로안,자전거,남,7세,부상신고,승용,남,52세,상해없음
2020052600100439,2020년 5월 26일 18시,화요일,서울특별시 노원구 상계동,중상사고,0,1,0,0,차대사람 - 보도통행중,안전운전불이행,포장 - 건조,맑음,교차로 - 교차로부근,자전거,남,24세,상해없음,보행자,여,28세,중상
2020052700100057,2020년 5월 27일 07시,수요일,서울특별시 중랑구 면목동,부상신고사고,0,0,0,1,차대차 - 기타,안전거리미확보,포장 - 건조,맑음,단일로 - 기타,자전거,남,57세,부상신고,승합,남,65세,상해없음
2020052700100164,2020년 5월 27일 10시,수요일,서울특별시 송파구 석촌동,경상사고,0,0,1,0,차대차 - 측면충돌,안전운전불이행,포장 - 건조,맑음,교차로 - 교차로횡단보도내,자전거,남,61세,경상,화물,남,65세,상해없음
2020052700100195,2020년 5월 27일 11시,수요일,서울특별시 영등포구 당산동,중상사고,0,1,0,0,차대차 - 기타,안전운전불이행,포장 - 건조,맑음,단일로 - 기타,자전거,남,63세,중상,자전거,남,57세,상해없음
2020052700100232,2020년 5월 27일 12시,수요일,서울특별시 영등포구 문래동5가,경상사고,0,0,1,0,차대차 - 측면충돌,안전거리미확보,포장 - 건조,맑음,단일로 - 기타,자전거,남,59세,경상,승용,여,45세,상해없음
2020052700100310,2020년 5월 27일 14시,수요일,서울특별시 영등포구 양화동,중상사고,0,1,1,0,차대차 - 기타,안전운전불이행,포장 - 건조,맑음,단일로 - 기타,자전거,기타불명,미분류,기타불명,자전거,남,76세,경상
2020052700100350,2020년 5월 27일 15시,수요일,서울특별시 구로구 고척동,경상사고,0,0,2,0,차대차 - 측면충돌,안전운전불이행,포장 - 건조,맑음,단일로 - 기타,자전거,여,61세,경상,자전거,여,34세,경상
2020052800100071,2020년 5월 28일 07시,목요일,서울특별시 노원구 상계동,부상신고사고,0,0,0,1,차대차 - 측면충돌,안전운전불이행,포장 - 건조,맑음,단일로 - 기타,자전거,남,46세,부상신고,승용,여,58세,상해없음
2020052800100168,2020년 5월 28일 10시,목요일,서울특별시 중구 신당동,경상사고,0,0,1,0,차대사람 - 횡단중,안전운전불이행,포장 - 건조,맑음,교차로 - 교차로횡단보도내,자전거,남,37세,상해없음,보행자,여,70세,경상
2020052800100322,2020년 5월 28일 14시,목요일,서울특별시 노원구 월계동,경상사고,0,0,1,0,차대차 - 기타,신호위반,포장 - 건조,맑음,교차로 - 교차로안,자전거,남,77세,경상,승용,남,69세,상해없음
2020052800100355,2020년 5월 28일 15시,목요일,서울특별시 마포구 용강동,경상사고,0,0,1,0,차대차 - 측면충돌,안전운전불이행,포장 - 건조,맑음,기타 - 기타,자전거,남,78세,경상,자전거,남,57세,상해없음
2020052800100383,2020년 5월 28일 16시,목요일,서울특별시 광진구 화양동,경상사고,0,0,1,0,차대차 - 기타,안전운전불이행,포장 - 건조,맑음,단일로 - 기타,자전거,남,22세,상해없음,승용,남,30세,경상
2020052800100526,2020년 5월 28일 20시,목요일,서울특별시 영등포구 문래동6가,중상사고,0,1,0,0,차대차 - 기타,안전운전불이행,포장 - 건조,맑음,단일로 - 기타,자전거,남,67세,상해없음,자전거,남,53세,중상
2020052800100527,2020년 5월 28일 20시,목요일,서울특별시 영등포구 여의도동,경상사고,0,0,1,0,차대차 - 측면충돌,안전운전불이행,포장 - 건조,맑음,교차로 - 교차로안,자전거,여,21세,경상,승용,여,58세,상해없음
2020052900100034,2020년 5월 29일 04시,금요일,서울특별시 동대문구 이문동,중상사고,0,1,0,0,차대차 - 측면충돌,안전운전불이행,포장 - 건조,맑음,교차로 - 교차로안,자전거,남,29세,상해없음,자전거,여,63세,중상
2020052900100089,2020년 5월 29일 08시,금요일,서울특별시 동대문구 용두동,부상신고사고,0,0,0,1,차대차 - 측면충돌,중앙선침범,포장 - 건조,맑음,단일로 - 기타,자전거,여,24세,부상신고,화물,남,63세,상해없음
2020052900100094,2020년 5월 29일 08시,금요일,서울특별시 구로구 궁동,경상사고,0,0,1,0,차대사람 - 횡단중,보행자보호의무위반,포장 - 건조,맑음,기타 - 기타,자전거,여,25세,상해없음,보행자,남,72세,경상
2020052900100152,2020년 5월 29일 09시,금요일,서울특별시 성북구 석관동,경상사고,0,0,1,0,차대차 - 측면충돌,안전운전불이행,포장 - 건조,맑음,교차로 - 교차로안,자전거,여,27세,경상,승용,여,36세,상해없음
2020052900100200,2020년 5월 29일 10시,금요일,서울특별시 영등포구 여의도동,경상사고,0,0,1,0,차대차 - 측면충돌,안전운전불이행,포장 - 건조,맑음,기타 - 기타,자전거,여,59세,경상,승용,남,53세,상해없음
2020052900100203,2020년 5월 29일 10시,금요일,서울특별시 강서구 마곡동,중상사고,0,1,0,0,차대차 - 측면충돌,신호위반,포장 - 건조,맑음,교차로 - 교차로안,자전거,남,85세,중상,화물,남,50세,상해없음
2020052900100467,2020년 5월 29일 17시,금요일,서울특별시 동작구 신대방동,부상신고사고,0,0,0,1,차대차 - 기타,안전운전불이행,포장 - 건조,맑음,교차로 - 교차로안,자전거,남,31세,상해없음,이륜,남,27세,부상신고
2020052900100518,2020년 5월 29일 18시,금요일,서울특별시 동대문구 답십리동,부상신고사고,0,0,0,1,차대차 - 기타,교차로운행방법위반,포장 - 건조,맑음,교차로 - 교차로안,자전거,남,10세,부상신고,화물,남,52세,상해없음
2020052900100526,2020년 5월 29일 18시,금요일,서울특별시 송파구 잠실동,중상사고,0,1,0,0,차대차 - 기타,안전운전불이행,포장 - 건조,맑음,단일로 - 기타,자전거,남,8세,상해없음,자전거,여,51세,중상
2020052900100661,2020년 5월 29일 21시,금요일,서울특별시 관악구 신림동,경상사고,0,0,1,0,차대차 - 기타,안전운전불이행,포장 - 건조,맑음,단일로 - 기타,자전거,남,63세,상해없음,이륜,남,28세,경상
2020053000100071,2020년 5월 30일 05시,토요일,서울특별시 성동구 행당동,중상사고,0,1,1,0,차대차 - 측면충돌,중앙선침범,포장 - 건조,맑음,단일로 - 기타,자전거,남,69세,경상,이륜,남,30세,중상
2020053000100079,2020년 5월 30일 06시,토요일,서울특별시 동대문구 답십리동,부상신고사고,0,0,0,1,차대차 - 기타,안전운전불이행,포장 - 건조,맑음,교차로 - 교차로부근,자전거,남,71세,부상신고,화물,남,60세,상해없음
2020053000100170,2020년 5월 30일 10시,토요일,서울특별시 광진구 중곡동,경상사고,0,0,1,0,차대차 - 정면충돌,안전운전불이행,포장 - 건조,맑음,단일로 - 기타,자전거,남,61세,상해없음,자전거,남,30세,상해없음
2020053000100201,2020년 5월 30일 11시,토요일,서울특별시 동대문구 휘경동,경상사고,0,0,1,0,차대차 - 기타,안전운전불이행,포장 - 건조,맑음,단일로 - 기타,자전거,남,29세,상해없음,자전거,여,59세,경상
2020053000100301,2020년 5월 30일 13시,토요일,서울특별시 동작구 노량진동,중상사고,0,1,0,0,차대사람 - 횡단중,보행자보호의무위반,포장 - 건조,맑음,단일로 - 기타,자전거,여,35세,상해없음,보행자,여,62세,중상
2020053000100344,2020년 5월 30일 14시,토요일,서울특별시 영등포구 양평동6가,경상사고,0,0,1,0,차대차 - 기타,안전운전불이행,포장 - 건조,맑음,단일로 - 기타,자전거,여,43세,기타불명,자전거,남,48세,경상
2020053000100471,2020년 5월 30일 17시,토요일,서울특별시 송파구 가락동,부상신고사고,0,0,0,1,차대차 - 측면충돌,신호위반,포장 - 건조,맑음,교차로 - 교차로안,자전거,남,53세,부상신고,승용,남,39세,상해없음
2020053000100645,2020년 5월 30일 23시,토요일,서울특별시 마포구 망원동,경상사고,0,0,1,0,차대차 - 측면충돌,안전운전불이행,포장 - 건조,맑음,단일로 - 기타,자전거,남,50세,상해없음,자전거,여,26세,경상
2020053100100122,2020년 5월 31일 11시,일요일,서울특별시 금천구 가산동,경상사고,0,0,1,0,차대차 - 기타,안전운전불이행,포장 - 건조,맑음,기타 - 기타,자전거,남,43세,상해없음,자전거,남,13세,경상
2020053100100124,2020년 5월 31일 11시,일요일,서울특별시 강서구 방화동,경상사고,0,0,1,0,차대차 - 기타,안전운전불이행,포장 - 건조,맑음,단일로 - 기타,자전거,여,58세,상해없음,자전거,여,47세,경상
2020053100100187,2020년 5월 31일 13시,일요일,서울특별시 강남구 일원동,부상신고사고,0,0,0,2,차대차 - 기타,안전운전불이행,포장 - 건조,맑음,단일로 - 기타,자전거,남,61세,부상신고,자전거,여,59세,부상신고
2020053100100214,2020년 5월 31일 14시,일요일,서울특별시 영등포구 여의도동,경상사고,0,0,1,0,차대차 - 측면충돌,안전운전불이행,포장 - 건조,맑음,단일로 - 기타,자전거,남,12세,경상,승합,남,39세,상해없음
2020053100100220,2020년 5월 31일 14시,일요일,서울특별시 도봉구 창동,경상사고,0,0,1,0,차대사람 - 기타,안전운전불이행,포장 - 건조,맑음,단일로 - 기타,자전거,남,62세,상해없음,보행자,남,64세,경상
2020053100100249,2020년 5월 31일 15시,일요일,서울특별시 노원구 상계동,중상사고,0,1,0,0,차대차 - 측면충돌,안전운전불이행,포장 - 건조,맑음,단일로 - 기타,자전거,남,24세,상해없음,자전거,남,11세,중상
2020053100100383,2020년 5월 31일 19시,일요일,서울특별시 중랑구 면목동,경상사고,0,0,1,0,차대사람 - 길가장자리구역통행중,안전운전불이행,포장 - 건조,맑음,단일로 - 기타,자전거,남,50세,상해없음,보행자,여,68세,경상
2020053100100384,2020년 5월 31일 19시,일요일,서울특별시 강동구 둔촌동,경상사고,0,0,1,0,차대차 - 측면충돌,안전운전불이행,포장 - 건조,맑음,교차로 - 교차로안,자전거,여,24세,경상,승용,남,78세,상해없음
2020060100100031,2020년 6월 1일 04시,월요일,서울특별시 강남구 일원동,중상사고,0,1,0,0,차대차 - 정면충돌,안전운전불이행,포장 - 건조,맑음,단일로 - 기타,자전거,남,21세,중상,화물,남,70세,상해없음
2020060100100121,2020년 6월 1일 09시,월요일,서울특별시 중구 남대문로3가,경상사고,0,0,1,0,차대차 - 측면충돌,안전운전불이행,포장 - 건조,맑음,단일로 - 지하차도(도로)내,자전거,남,77세,경상,승용,남,64세,상해없음
2020060100100200,2020년 6월 1일 11시,월요일,서울특별시 중구 광희동2가,부상신고사고,0,0,0,1,차대차 - 측면충돌,신호위반,포장 - 건조,맑음,단일로 - 기타,자전거,여,73세,부상신고,승용,여,77세,상해없음
2020060100100234,2020년 6월 1일 12시,월요일,서울특별시 중랑구 면목동,부상신고사고,0,0,0,1,차대사람 - 기타,안전운전불이행,포장 - 건조,맑음,단일로 - 기타,자전거,남,39세,부상신고,보행자,남,86세,상해없음
2020060100100286,2020년 6월 1일 13시,월요일,서울특별시 노원구 상계동,부상신고사고,0,0,0,1,차대차 - 기타,안전운전불이행,포장 - 건조,맑음,교차로 - 교차로안,자전거,남,61세,부상신고,이륜,남,40세,상해없음
2020060100100287,2020년 6월 1일 13시,월요일,서울특별시 도봉구 창동,경상사고,0,0,1,0,차대차 - 기타,불법유턴,포장 - 건조,맑음,교차로 - 교차로횡단보도내,자전거,남,74세,경상,승합,남,47세,상해없음
2020060100100334,2020년 6월 1일 14시,월요일,서울특별시 노원구 상계동,경상사고,0,0,2,0,차대차 - 정면충돌,안전운전불이행,포장 - 건조,맑음,단일로 - 기타,자전거,여,61세,경상,자전거,남,15세,경상
2020060100100370,2020년 6월 1일 15시,월요일,서울특별시 송파구 문정동,부상신고사고,0,0,0,1,차대차 - 기타,안전운전불이행,포장 - 건조,맑음,교차로 - 교차로부근,자전거,남,12세,부상신고,이륜,남,52세,상해없음
2020060100100373,2020년 6월 1일 15시,월요일,서울특별시 성북구 하월곡동,중상사고,0,1,0,0,차대차 - 정면충돌,불법유턴,포장 - 건조,맑음,교차로 - 교차로부근,자전거,남,75세,중상,건설기계,남,47세,상해없음
2020060100100483,2020년 6월 1일 17시,월요일,서울특별시 송파구 석촌동,경상사고,0,0,1,0,차대차 - 측면충돌,안전운전불이행,포장 - 건조,맑음,단일로 - 기타,자전거,남,17세,경상,화물,남,27세,상해없음
2020060200100393,2020년 6월 2일 16시,화요일,서울특별시 은평구 응암동,부상신고사고,0,0,0,1,차대차 - 측면충돌,안전운전불이행,포장 - 건조,맑음,교차로 - 교차로안,자전거,남,66세,부상신고,화물,남,48세,상해없음
2020060200100394,2020년 6월 2일 16시,화요일,서울특별시 은평구 수색동,부상신고사고,0,0,0,1,차대차 - 측면충돌,안전운전불이행,포장 - 건조,맑음,단일로 - 기타,자전거,남,71세,부상신고,승용,남,25세,상해없음
2020060200100435,2020년 6월 2일 17시,화요일,서울특별시 송파구 문정동,경상사고,0,0,1,0,차대차 - 측면충돌,중앙선침범,포장 - 건조,맑음,교차로 - 교차로안,자전거,남,13세,상해없음,승용,남,24세,경상