사고번호,사고일시,요일,시군구,사고내용,사망자수,중상자수,경상자수,부상신고자수,사고유형,법규위반,노면상태,기상상태,도로형태,가해운전자 차종,가해운전자 성별,가해운전자 연령,가해운전자 상해정도,피해운전자 차종,피해운전자 성별,피해운전자 연령,피해운전자 상해정도
2020060200100558,2020년 6월 2일 21시,화요일,서울특별시 성동구 성수동2가,중상사고,0,1,0,0,차대차 - 측면충돌,안전운전불이행,포장 - 건조,맑음,단일로 - 기타,자전거,여,15세,기타불명,자전거,남,31세,중상
2020060200100583,2020년 6월 2일 22시,화요일,서울특별시 서초구 반포동,부상신고사고,0,0,0,1,차대차 - 기타,중앙선침범,포장 - 건조,기타,단일로 - 기타,자전거,남,13세,부상신고,기타불명,기타불명,미분류,기타불명
2020060300100210,2020년 6월 3일 12시,수요일,서울특별시 강남구 역삼동,경상사고,0,0,1,0,차대사람 - 기타,안전운전불이행,포장 - 건조,맑음,기타 - 기타,자전거,남,29세,상해없음,보행자,남,36세,경상
2020060300100391,2020년 6월 3일 17시,수요일,서울특별시 마포구 용강동,경상사고,0,0,1,0,차대차 - 측면충돌,안전운전불이행,포장 - 건조,맑음,단일로 - 기타,자전거,여,72세,경상,승용,여,44세,상해없음
2020060300100399,2020년 6월 3일 17시,수요일,서울특별시 노원구 공릉동,중상사고,0,1,0,0,차량단독 - 공작물충돌,안전운전불이행,포장 - 건조,맑음,단일로 - 기타,자전거,남,9세,중상,,,,
2020060300100449,2020년 6월 3일 18시,수요일,서울특별시 마포구 상수동,중상사고,0,1,0,0,차대사람 - 보도통행중,기타,포장 - 건조,맑음,기타 - 기타,자전거,남,21세,상해없음,보행자,남,90세,중상
2020060300100453,2020년 6월 3일 18시,수요일,서울특별시 양천구 목동,경상사고,0,0,1,0,차대차 - 측면충돌,불법유턴,포장 - 건조,맑음,단일로 - 기타,자전거,여,21세,경상,승용,여,30세,상해없음
2020060300100502,2020년 6월 3일 19시,수요일,서울특별시 영등포구 양화동,경상사고,0,0,2,0,차대차 - 정면충돌,안전운전불이행,포장 - 건조,맑음,기타 - 기타,자전거,여,58세,경상,자전거,남,36세,경상
2020060300100568,2020년 6월 3일 21시,수요일,서울특별시 도봉구 창동,경상사고,0,0,1,0,차대차 - 기타,안전운전불이행,포장 - 건조,맑음,단일로 - 기타,자전거,남,59세,상해없음,자전거,여,52세,경상
2020060400100082,2020년 6월 4일 08시,목요일,서울특별시 강동구 천호동,중상사고,0,1,0,0,차대차 - 기타,안전운전불이행,포장 - 건조,맑음,교차로 - 교차로안,자전거,남,60세,중상,승용,남,63세,상해없음
2020060400100123,2020년 6월 4일 09시,목요일,서울특별시 강남구 대치동,중상사고,0,1,0,0,차대사람 - 기타,안전운전불이행,포장 - 건조,맑음,기타 - 기타,자전거,남,53세,상해없음,보행자,여,58세,중상
2020060400100170,2020년 6월 4일 11시,목요일,서울특별시 강서구 화곡동,중상사고,0,1,0,0,차대차 - 기타,교차로운행방법위반,포장 - 건조,맑음,교차로 - 교차로안,자전거,남,54세,중상,화물,기타불명,미분류,기타불명
2020060400100280,2020년 6월 4일 14시,목요일,서울특별시 관악구 신림동,경상사고,0,0,1,0,차대사람 - 기타,기타,포장 - 건조,맑음,단일로 - 기타,자전거,남,33세,상해없음,보행자,여,23세,경상
2020060400100421,2020년 6월 4일 17시,목요일,서울특별시 영등포구 영등포동5가,부상신고사고,0,0,0,1,차대차 - 측면충돌,안전운전불이행,포장 - 건조,맑음,단일로 - 기타,자전거,남,77세,부상신고,승합,남,50세,상해없음
2020060400100423,2020년 6월 4일 17시,목요일,서울특별시 강서구 등촌동,부상신고사고,0,0,0,1,차대차 - 기타,기타,포장 - 건조,맑음,단일로 - 기타,자전거,남,11세,부상신고,기타불명,기타불명,미분류,기타불명
2020060500100097,2020년 6월 5일 08시,금요일,서울특별시 동대문구 용두동,경상사고,0,0,1,0,차대차 - 기타,직진우회전진행방해,포장 - 건조,맑음,교차로 - 교차로안,자전거,남,59세,경상,화물,남,51세,상해없음
2020060500100136,2020년 6월 5일 09시,금요일,서울특별시 동작구 대방동,부상신고사고,0,0,0,1,차대차 - 기타,신호위반,포장 - 건조,맑음,교차로 - 교차로안,자전거,남,70세,부상신고,승합,남,33세,상해없음
2020060500100193,2020년 6월 5일 11시,금요일,서울특별시 구로구 가리봉동,중상사고,0,1,1,0,차대차 - 기타,중앙선침범,포장 - 건조,맑음,단일로 - 기타,자전거,남,68세,중상,승용,여,57세,경상
2020060500100357,2020년 6월 5일 15시,금요일,서울특별시 영등포구 양평동5가,경상사고,0,0,2,0,차대사람 - 횡단중,안전운전불이행,포장 - 건조,맑음,단일로 - 기타,자전거,남,66세,경상,보행자,여,22세,경상
2020060500100358,2020년 6월 5일 15시,금요일,서울특별시 동작구 노량진동,경상사고,0,0,1,0,차대차 - 측면충돌,안전운전불이행,포장 - 건조,맑음,단일로 - 기타,자전거,여,69세,경상,승합,남,53세,상해없음
2020060500100498,2020년 6월 5일 18시,금요일,서울특별시 양천구 신정동,경상사고,0,0,1,0,차대차 - 기타,안전운전불이행,포장 - 건조,맑음,교차로 - 교차로안,자전거,남,64세,경상,승합,여,44세,기타불명
2020060500100550,2020년 6월 5일 19시,금요일,서울특별시 노원구 상계동,경상사고,0,0,1,0,차대차 - 측면충돌,안전운전불이행,포장 - 건조,맑음,교차로 - 교차로안,자전거,남,16세,경상,승합,남,61세,상해없음
2020060500100594,2020년 6월 5일 20시,금요일,서울특별시 양천구 신월동,중상사고,0,1,0,0,차대사람 - 횡단중,신호위반,포장 - 건조,맑음,단일로 - 기타,자전거,남,13세,상해없음,보행자,여,26세,중상
2020060600100114,2020년 6월 6일 09시,토요일,서울특별시 송파구 잠실동,경상사고,0,0,1,0,차대사람 - 보도통행중,기타,포장 - 건조,맑음,단일로 - 기타,자전거,여,62세,상해없음,보행자,남,34세,경상
2020060600100139,2020년 6월 6일 10시,토요일,서울특별시 강동구 암사동,중상사고,0,1,0,0,차대차 - 측면충돌,안전운전불이행,포장 - 건조,맑음,단일로 - 기타,자전거,남,25세,상해없음,자전거,여,62세,중상
2020060600100142,2020년 6월 6일 10시,토요일,서울특별시 노원구 하계동,경상사고,0,0,1,0,차대차 - 기타,안전운전불이행,포장 - 건조,맑음,단일로 - 기타,자전거,남,59세,상해없음,자전거,남,73세,경상
2020060600100320,2020년 6월 6일 15시,토요일,서울특별시 중랑구 면목동,부상신고사고,0,0,0,1,차대사람 - 기타,신호위반,포장 - 건조,맑음,단일로 - 기타,자전거,남,16세,상해없음,보행자,남,73세,부상신고
2020060600100362,2020년 6월 6일 16시,토요일,서울특별시 강동구 천호동,부상신고사고,0,0,0,2,차대차 - 측면충돌,안전운전불이행,포장 - 건조,맑음,기타 - 기타,자전거,남,9세,부상신고,자전거,남,45세,부상신고
2020060600100404,2020년 6월 6일 17시,토요일,서울특별시 영등포구 당산동,경상사고,0,0,1,0,차대차 - 기타,안전운전불이행,포장 - 건조,맑음,단일로 - 기타,자전거,남,28세,상해없음,자전거,여,44세,경상
2020060600100484,2020년 6월 6일 19시,토요일,서울특별시 도봉구 도봉동,경상사고,0,0,1,0,차량단독 - 기타,안전운전불이행,포장 - 건조,흐림,단일로 - 기타,자전거,남,62세,경상,,,,
2020060600100510,2020년 6월 6일 20시,토요일,서울특별시 노원구 하계동,경상사고,0,0,1,0,차대사람 - 횡단중,안전운전불이행,포장 - 건조,맑음,기타 - 기타,자전거,남,52세,상해없음,보행자,여,47세,경상
2020060600100545,2020년 6월 6일 21시,토요일,서울특별시 송파구 잠실동,경상사고,0,0,1,0,차대차 - 기타,안전운전불이행,포장 - 건조,맑음,단일로 - 기타,자전거,남,14세,상해없음,자전거,남,38세,경상
2020060600100546,2020년 6월 6일 21시,토요일,서울특별시 도봉구 도봉동,경상사고,0,0,1,0,차대사람 - 기타,안전운전불이행,포장 - 건조,맑음,단일로 - 기타,자전거,남,13세,상해없음,보행자,남,67세,경상
2020060600100569,2020년 6월 6일 22시,토요일,서울특별시 동대문구 장안동,경상사고,0,0,1,0,차대차 - 기타,안전운전불이행,포장 - 건조,맑음,단일로 - 기타,자전거,남,62세,경상,승용,남,28세,상해없음
2020060600100570,2020년 6월 6일 22시,토요일,서울특별시 영등포구 양평동4가,부상신고사고,0,0,0,1,차대차 - 측면충돌,불법유턴,포장 - 건조,맑음,교차로 - 교차로안,자전거,남,13세,부상신고,승용,남,63세,상해없음
2020060600100572,2020년 6월 6일 22시,토요일,서울특별시 성동구 사근동,경상사고,0,0,1,0,차대차 - 추돌,안전거리미확보,포장 - 건조,맑음,단일로 - 기타,자전거,남,57세,경상,자전거,여,26세,기타불명
2020060700100106,2020년 6월 7일 09시,일요일,서울특별시 송파구 가락동,부상신고사고,0,0,0,1,차대차 - 측면충돌,중앙선침범,포장 - 건조,맑음,교차로 - 교차로안,자전거,여,23세,부상신고,화물,남,29세,상해없음
2020060700100128,2020년 6월 7일 10시,일요일,서울특별시 동작구 사당동,부상신고사고,0,0,0,1,차대차 - 측면충돌,안전운전불이행,포장 - 건조,맑음,단일로 - 기타,자전거,여,42세,부상신고,승용,여,49세,상해없음
2020060700100170,2020년 6월 7일 12시,일요일,서울특별시 강서구 염창동,경상사고,0,0,1,0,차대차 - 기타,안전운전불이행,포장 - 건조,맑음,기타 - 기타,자전거,남,44세,상해없음,자전거,여,58세,경상
2020060700100172,2020년 6월 7일 12시,일요일,서울특별시 강동구 천호동,중상사고,0,1,0,0,차대차 - 측면충돌,안전운전불이행,포장 - 건조,맑음,단일로 - 기타,자전거,남,59세,중상,승용,남,72세,상해없음
2020060700100474,2020년 6월 7일 21시,일요일,서울특별시 영등포구 신길동,경상사고,0,0,1,0,차대차 - 기타,중앙선침범,포장 - 건조,맑음,기타 - 기타,자전거,여,9세,경상,승용,남,28세,상해없음
2020060700100477,2020년 6월 7일 21시,일요일,서울특별시 노원구 공릉동,경상사고,0,0,1,0,차대차 - 측면충돌,안전운전불이행,포장 - 건조,맑음,교차로 - 교차로안,자전거,여,83세,경상,승용,여,49세,상해없음
2020060800100021,2020년 6월 8일 03시,월요일,서울특별시 동대문구 이문동,부상신고사고,0,0,0,1,차대차 - 기타,직진우회전진행방해,포장 - 건조,맑음,교차로 - 교차로안,자전거,여,68세,부상신고,승용,남,57세,상해없음
2020060800100103,2020년 6월 8일 08시,월요일,서울특별시 구로구 구로동,부상신고사고,0,0,0,1,차대사람 - 횡단중,보행자보호의무위반,포장 - 건조,맑음,교차로 - 교차로횡단보도내,자전거,남,59세,부상신고,보행자,여,80세,상해없음
2020060800100309,2020년 6월 8일 13시,월요일,서울특별시 강북구 번동,부상신고사고,0,0,0,1,차대사람 - 보도통행중,기타,포장 - 건조,맑음,단일로 - 기타,자전거,남,75세,상해없음,보행자,남,38세,부상신고
2020060800100432,2020년 6월 8일 16시,월요일,서울특별시 구로구 구로동,중상사고,0,1,0,0,차대차 - 기타,안전운전불이행,포장 - 건조,맑음,단일로 - 기타,자전거,남,54세,중상,이륜,남,40세,상해없음
2020060800100480,2020년 6월 8일 17시,월요일,서울특별시 강남구 일원동,경상사고,0,0,1,0,차대사람 - 기타,안전운전불이행,포장 - 건조,맑음,단일로 - 기타,자전거,남,27세,상해없음,보행자,여,64세,경상
2020060800100528,2020년 6월 8일 18시,월요일,서울특별시 동대문구 장안동,부상신고사고,0,0,0,1,차대차 - 측면충돌,직진우회전진행방해,포장 - 건조,맑음,교차로 - 교차로안,자전거,남,26세,부상신고,승용,남,45세,상해없음
2020060800100529,2020년 6월 8일 18시,월요일,서울특별시 성동구 행당동,경상사고,0,0,1,0,차대차 - 추돌,안전운전불이행,포장 - 건조,맑음,단일로 - 기타,자전거,남,44세,상해없음,자전거,여,28세,상해없음
2020060800100646,2020년 6월 8일 21시,월요일,서울특별시 구로구 구로동,경상사고,0,0,1,0,차대차 - 기타,신호위반,포장 - 건조,맑음,교차로 - 교차로부근,자전거,남,10세,경상,이륜,남,23세,상해없음
2020060800100647,2020년 6월 8일 21시,월요일,서울특별시 도봉구 방학동,경상사고,0,0,1,0,차대차 - 정면충돌,신호위반,포장 - 건조,맑음,교차로 - 교차로안,자전거,남,53세,경상,승용,남,60세,상해없음
2020060800100702,2020년 6월 8일 23시,월요일,서울특별시 강서구 화곡동,경상사고,0,0,1,0,차대차 - 측면충돌,안전운전불이행,포장 - 건조,맑음,교차로 - 교차로부근,자전거,남,54세,경상,승용,남,40세,상해없음
2020060900100180,2020년 6월 9일 10시,화요일,서울특별시 송파구 풍납동,부상신고사고,0,0,0,1,차대차 - 기타,안전운전불이행,포장 - 건조,맑음,교차로 - 교차로안,자전거,여,48세,부상신고,승합,남,48세,상해없음
2020060900100299,2020년 6월 9일 13시,화요일,서울특별시 강동구 둔촌동,경상사고,0,0,1,0,차대차 - 추돌,안전운전불이행,포장 - 건조,맑음,단일로 - 기타,자전거,여,51세,상해없음,이륜,남,28세,경상
2020060900100371,2020년 6월 9일 15시,화요일,서울특별시 용산구 이촌동,경상사고,0,0,1,0,차대차 - 기타,안전운전불이행,포장 - 건조,맑음,교차로 - 교차로부근,자전거,남,10세,경상,승용,여,53세,상해없음
2020060900100417,2020년 6월 9일 16시,화요일,서울특별시 성동구 성수동2가,중상사고,0,1,0,0,차대차 - 기타,안전운전불이행,포장 - 건조,맑음,단일로 - 기타,자전거,여,63세,중상,화물,남,42세,기타불명
2020060900100507,2020년 6월 9일 18시,화요일,서울특별시 서대문구 북가좌동,부상신고사고,0,0,0,1,차대사람 - 보도통행중,기타,포장 - 건조,맑음,단일로 - 기타,자전거,여,61세,상해없음,보행자,남,35세,부상신고
2020060900100578,2020년 6월 9일 19시,화요일,서울특별시 서대문구 현저동,부상신고사고,0,0,0,1,차대차 - 측면충돌,안전운전불이행,포장 - 건조,흐림,교차로 - 교차로안,자전거,여,53세,부상신고,승용,여,33세,상해없음
2020060900100584,2020년 6월 9일 19시,화요일,서울특별시 성동구 송정동,중상사고,0,1,0,0,차대차 - 추돌,안전운전불이행,포장 - 건조,맑음,단일로 - 기타,자전거,남,53세,상해없음,자전거,여,61세,중상
2020060900100615,2020년 6월 9일 20시,화요일,서울특별시 송파구 풍납동,중상사고,0,2,0,0,차대차 - 측면충돌,안전운전불이행,포장 - 건조,맑음,단일로 - 기타,자전거,남,49세,중상,자전거,여,30세,중상
2020060900100646,2020년 6월 9일 21시,화요일,서울특별시 양천구 목동,중상사고,0,1,0,0,차대사람 - 횡단중,보행자보호의무위반,포장 - 건조,맑음,단일로 - 기타,자전거,남,16세,기타불명,보행자,여,24세,중상
2020060900100669,2020년 6월 9일 22시,화요일,서울특별시 동대문구 청량리동,경상사고,0,0,1,0,차대사람 - 보도통행중,기타,포장 - 건조,맑음,단일로 - 기타,자전거,남,22세,상해없음,보행자,여,55세,경상
2020060900100699,2020년 6월 9일 23시,화요일,서울특별시 도봉구 창동,부상신고사고,0,0,0,1,차대차 - 측면충돌,기타,포장 - 건조,맑음,교차로 - 교차로부근,자전거,여,22세,부상신고,승용,남,56세,상해없음
2020061000100093,2020년 6월 10일 08시,수요일,서울특별시 영등포구 여의도동,중상사고,0,1,0,0,차대차 - 기타,안전운전불이행,포장 - 건조,맑음,기타 - 기타,자전거,남,54세,상해없음,자전거,남,51세,중상
2020061000100176,2020년 6월 10일 10시,수요일,서울특별시 용산구 한강로1가,중상사고,0,1,0,0,차대차 - 기타,안전운전불이행,포장 - 건조,맑음,교차로 - 교차로부근,자전거,남,59세,중상,승용,남,72세,상해없음
2020061000100180,2020년 6월 10일 10시,수요일,서울특별시 서초구 잠원동,경상사고,0,0,1,0,차대차 - 정면충돌,신호위반,포장 - 건조,맑음,단일로 - 기타,자전거,남,81세,경상,승용,여,29세,상해없음
2020061000100212,2020년 6월 10일 11시,수요일,서울특별시 마포구 아현동,중상사고,0,1,0,0,차량단독 - 기타,안전운전불이행,포장 - 건조,맑음,단일로 - 기타,자전거,여,17세,중상,,,,
2020061000100249,2020년 6월 10일 12시,수요일,서울특별시 구로구 고척동,경상사고,0,0,1,0,차대차 - 기타,안전거리미확보,포장 - 건조,맑음,단일로 - 기타,자전거,남,57세,경상,승용,여,60세,상해없음
2020061100100075,2020년 6월 11일 06시,목요일,서울특별시 동대문구 휘경동,중상사고,0,1,0,0,차대차 - 기타,안전운전불이행,포장 - 건조,맑음,단일로 - 기타,자전거,여,56세,중상,승합,남,36세,상해없음
2020061100100149,2020년 6월 11일 09시,목요일,서울특별시 강남구 신사동,경상사고,0,0,1,0,차대차 - 기타,안전운전불이행,포장 - 건조,맑음,단일로 - 기타,자전거,여,56세,경상,자전거,남,62세,기타불명
2020061100100174,2020년 6월 11일 10시,목요일,서울특별시 금천구 시흥동,경상사고,0,0,1,0,차대사람 - 기타,안전운전불이행,포장 - 건조,맑음,단일로 - 기타,자전거,남,27세,상해없음,보행자,남,78세,경상
2020061100100474,2020년 6월 11일 18시,목요일,서울특별시 마포구 상암동,경상사고,0,0,1,0,차대차 - 기타,안전운전불이행,포장 - 건조,맑음,기타 - 기타,자전거,남,76세,상해없음,자전거,여,34세,경상
2020061100100543,2020년 6월 11일 20시,목요일,서울특별시 영등포구 양평동6가,경상사고,0,0,1,0,차대차 - 기타,안전운전불이행,포장 - 건조,맑음,단일로 - 기타,자전거,남,36세,상해없음,자전거,남,53세,경상
2020061100100544,2020년 6월 11일 20시,목요일,서울특별시 관악구 신림동,경상사고,0,0,1,0,차대차 - 기타,안전운전불이행,포장 - 기타,맑음,단일로 - 기타,자전거,남,63세,상해없음,이륜,남,26세,경상
2020061100100578,2020년 6월 11일 21시,목요일,서울특별시 광진구 능동,경상사고,0,0,2,0,차대차 - 기타,안전운전불이행,포장 - 건조,맑음,교차로 - 교차로안,자전거,남,28세,상해없음,승용,남,47세,상해없음
2020061100100579,2020년 6월 11일 21시,목요일,서울특별시 성동구 응봉동,경상사고,0,0,1,0,차대차 - 측면충돌,안전운전불이행,포장 - 건조,맑음,단일로 - 기타,자전거,남,33세,상해없음,자전거,여,26세,경상
2020061100100580,2020년 6월 11일 21시,목요일,서울특별시 강남구 압구정동,중상사고,0,2,1,1,차대차 - 기타,안전운전불이행,포장 - 건조,맑음,기타 - 기타,자전거,남,51세,중상,자전거,남,32세,중상
2020061200100038,2020년 6월 12일 05시,금요일,서울특별시 송파구 잠실동,중상사고,0,1,0,0,차대차 - 측면충돌,안전운전불이행,포장 - 건조,흐림,단일로 - 기타,자전거,남,15세,상해없음,자전거,남,69세,중상
2020061200100062,2020년 6월 12일 07시,금요일,서울특별시 관악구 봉천동,경상사고,0,0,1,0,차대사람 - 차도통행중,안전운전불이행,포장 - 건조,흐림,단일로 - 기타,자전거,남,23세,상해없음,보행자,남,23세,경상
2020061200100089,2020년 6월 12일 08시,금요일,서울특별시 서초구 반포동,경상사고,0,0,1,0,차대사람 - 기타,안전운전불이행,포장 - 건조,맑음,기타 - 기타,자전거,여,43세,상해없음,보행자,여,65세,경상
2020061200100126,2020년 6월 12일 09시,금요일,서울특별시 서대문구 홍은동,경상사고,0,0,1,0,차대사람 - 보도통행중,기타,포장 - 건조,맑음,단일로 - 기타,자전거,남,78세,상해없음,보행자,여,23세,경상
2020061200100137,2020년 6월 12일 09시,금요일,서울특별시 도봉구 창동,경상사고,0,0,1,0,차대사람 - 보도통행중,기타,포장 - 건조,흐림,단일로 - 기타,자전거,남,19세,상해없음,보행자,여,51세,경상
2020061200100167,2020년 6월 12일 10시,금요일,서울특별시 동대문구 용두동,중상사고,0,1,1,0,차대차 - 기타,안전운전불이행,포장 - 건조,맑음,단일로 - 기타,자전거,남,73세,경상,이륜,남,57세,중상
2020061200100169,2020년 6월 12일 10시,금요일,서울특별시 광진구 자양동,중상사고,0,1,0,0,차대사람 - 보도통행중,안전운전불이행,포장 - 건조,맑음,기타 - 기타,자전거,남,15세,상해없음,보행자,남,40세,중상
2020061200100211,2020년 6월 12일 11시,금요일,서울특별시 서대문구 홍은동,부상신고사고,0,0,0,1,차대차 - 기타,직진우회전진행방해,포장 - 건조,맑음,교차로 - 교차로안,자전거,남,25세,부상신고,원동기,남,57세,상해없음
2020061200100252,2020년 6월 12일 12시,금요일,서울특별시 강동구 상일동,경상사고,0,0,1,0,차대사람 - 횡단중,안전운전불이행,포장 - 건조,맑음,단일로 - 기타,자전거,남,26세,상해없음,보행자,여,66세,경상
2020061200100493,2020년 6월 12일 18시,금요일,서울특별시 송파구 잠실동,경상사고,0,0,1,0,차대차 - 추돌,안전운전불이행,포장 - 건조,맑음,교차로 - 교차로부근,자전거,남,48세,상해없음,자전거,여,31세,경상
2020061200100632,2020년 6월 12일 21시,금요일,서울특별시 광진구 중곡동,경상사고,0,0,1,0,차대차 - 측면충돌,안전운전불이행,포장 - 건조,맑음,교차로 - 교차로안,자전거,여,12세,경상,승용,남,59세,상해없음
2020061300100128,2020년 6월 13일 08시,토요일,서울특별시 광진구 중곡동,중상사고,0,1,0,0,차대차 - 측면충돌,안전운전불이행,포장 - 건조,맑음,기타 - 기타,자전거,남,59세,상해없음,자전거,여,51세,중상
2020061300100145,2020년 6월 13일 09시,토요일,서울특별시 성동구 성수동2가,부상신고사고,0,0,0,1,차대차 - 기타,안전운전불이행,포장 - 건조,맑음,단일로 - 기타,자전거,남,32세,부상신고,이륜,남,52세,상해없음
2020061300100175,2020년 6월 13일 10시,토요일,서울특별시 강서구 공항동,경상사고,0,0,1,0,차대차 - 기타,안전운전불이행,포장 - 건조,맑음,기타 - 기타,자전거,남,60세,경상,자전거,남,64세,상해없음
2020061300100289,2020년 6월 13일 13시,토요일,서울특별시 강서구 가양동,중상사고,0,1,0,0,차대차 - 기타,안전운전불이행,포장 - 건조,맑음,단일로 - 기타,자전거,남,23세,상해없음,자전거,남,37세,중상
2020061300100326,2020년 6월 13일 14시,토요일,서울특별시 송파구 풍납동,경상사고,0,0,1,0,차대차 - 측면충돌,안전운전불이행,포장 - 건조,맑음,교차로 - 교차로부근,자전거,남,84세,경상,승용,여,26세,상해없음
2020061300100356,2020년 6월 13일 15시,토요일,서울특별시 노원구 중계동,부상신고사고,0,0,0,1,차대차 - 기타,안전운전불이행,포장 - 건조,맑음,교차로 - 교차로안,자전거,남,23세,부상신고,승용,여,61세,상해없음
2020061300100446,2020년 6월 13일 17시,토요일,서울특별시 강남구 도곡동,경상사고,0,0,1,0,차대사람 - 보도통행중,기타,포장 - 건조,맑음,기타 - 기타,자전거,기타불명,미분류,기타불명,보행자,남,49세,경상
2020061300100483,2020년 6월 13일 18시,토요일,서울특별시 종로구 효자동,경상사고,0,0,1,0,차대차 - 기타,안전운전불이행,포장 - 건조,맑음,기타 - 기타,자전거,남,30세,경상,승용,여,48세,상해없음
2020061300100488,2020년 6월 13일 18시,토요일,서울특별시 송파구 방이동,중상사고,0,1,0,0,차량단독 - 기타,안전운전불이행,포장 - 건조,맑음,교차로 - 교차로부근,자전거,남,69세,중상,,,,
2020061300100555,2020년 6월 13일 20시,토요일,서울특별시 마포구 토정동,경상사고,0,0,2,0,차대차 - 추돌,안전거리미확보,포장 - 건조,맑음,기타 - 기타,자전거,남,23세,경상,자전거,여,32세,경상
2020061400100042,2020년 6월 14일 02시,일요일,서울특별시 강서구 화곡동,중상사고,0,1,0,0,차량단독 - 전도전복 - 전도,안전운전불이행,포장 - 건조,맑음,단일로 - 기타,자전거,여,23세,중상,,,,
2020061400100123,2020년 6월 14일 10시,일요일,서울특별시 노원구 중계동,부상신고사고,0,0,0,1,차대차 - 측면충돌,안전운전불이행,포장 - 건조,맑음,교차로 - 교차로안,자전거,남,14세,부상신고,승용,남,34세,상해없음
2020061400100142,2020년 6월 14일 11시,일요일,서울특별시 영등포구 양평동6가,경상사고,0,0,2,0,차대차 - 측면충돌,안전운전불이행,포장 - 건조,맑음,단일로 - 기타,자전거,남,74세,경상,자전거,여,48세,경상
2020061400100167,2020년 6월 14일 12시,일요일,서울특별시 송파구 잠실동,부상신고사고,0,0,0,1,차대차 - 측면충돌,안전거리미확보,포장 - 건조,맑음,단일로 - 기타,자전거,남,29세,부상신고,자전거,남,13세,상해없음
2020061400100193,2020년 6월 14일 13시,일요일,서울특별시 강동구 천호동,부상신고사고,0,0,0,1,차대차 - 측면충돌,안전운전불이행,포장 - 건조,맑음,기타 - 기타,자전거,남,55세,부상신고,승용,남,75세,상해없음
2020061400100302,2020년 6월 14일 16시,일요일,서울특별시 영등포구 신길동,중상사고,0,1,0,0,차대사람 - 횡단중,보행자보호의무위반,포장 - 건조,맑음,기타 - 기타,자전거,남,30세,상해없음,보행자,남,70세,중상
2020061400100396,2020년 6월 14일 19시,일요일,서울특별시 강서구 가양동,경상사고,0,0,1,0,차대차 - 기타,안전거리미확보,포장 - 건조,맑음,단일로 - 기타,자전거,남,49세,경상,자전거,남,30세,상해없음
2020061400100458,2020년 6월 14일 21시,일요일,서울특별시 양천구 신월동,경상사고,0,0,1,0,차대차 - 기타,기타,포장 - 건조,맑음,교차로 - 교차로부근,자전거,여,51세,경상,기타불명,기타불명,미분류,기타불명
2020061500100145,2020년 6월 15일 09시,월요일,서울특별시 양천구 신정동,경상사고,0,0,1,0,차대차 - 기타,안전운전불이행,포장 - 건조,맑음,교차로 - 교차로안,자전거,남,85세,경상,승합,남,67세,상해없음
2020061500100177,2020년 6월 15일 10시,월요일,서울특별시 양천구 목동,경상사고,0,0,1,0,차대차 - 기타,안전운전불이행,포장 - 건조,맑음,교차로 - 교차로안,자전거,여,28세,경상,화물,남,31세,상해없음
2020061500100220,2020년 6월 15일 11시,월요일,서울특별시 도봉구 창동,경상사고,0,0,1,0,차대사람 - 차도통행중,신호위반,포장 - 건조,맑음,단일로 - 기타,자전거,남,26세,상해없음,보행자,여,65세,경상
2020061500100411,2020년 6월 15일 16시,월요일,서울특별시 성동구 옥수동,중상사고,0,1,0,0,차대사람 - 기타,안전운전불이행,포장 - 건조,맑음,기타 - 기타,자전거,남,28세,상해없음,보행자,여,70세,중상
2020061500100456,2020년 6월 15일 17시,월요일,서울특별시 강북구 번동,경상사고,0,0,1,0,차대차 - 측면충돌,중앙선침범,포장 - 건조,맑음,교차로 - 교차로안,자전거,남,63세,경상,승용,남,68세,상해없음
2020061500100460,2020년 6월 15일 17시,월요일,서울특별시 성동구 성수동1가,경상사고,0,0,1,0,차대차 - 기타,안전운전불이행,포장 - 건조,맑음,단일로 - 기타,자전거,여,25세,상해없음,이륜,남,48세,경상
2020061500100530,2020년 6월 15일 18시,월요일,서울특별시 송파구 신천동,중상사고,0,1,0,0,차대차 - 정면충돌,안전운전불이행,포장 - 건조,맑음,단일로 - 기타,자전거,여,25세,상해없음,자전거,남,57세,중상
2020061500100531,2020년 6월 15일 18시,월요일,서울특별시 송파구 신천동,경상사고,0,0,1,0,차대사람 - 보도통행중,기타,포장 - 건조,맑음,단일로 - 기타,자전거,남,25세,상해없음,보행자,남,17세,경상