사고번호,사고일시,요일,시군구,사고내용,사망자수,중상자수,경상자수,부상신고자수,사고유형,법규위반,노면상태,기상상태,도로형태,가해운전자 차종,가해운전자 성별,가해운전자 연령,가해운전자 상해정도,피해운전자 차종,피해운전자 성별,피해운전자 연령,피해운전자 상해정도
2020071800100386,2020년 7월 18일 16시,토요일,서울특별시 양천구 목동,중상사고,0,1,0,0,차대차 - 기타,안전운전불이행,포장 - 건조,맑음,단일로 - 기타,자전거,남,52세,상해없음,자전거,남,75세,중상
2020071800100457,2020년 7월 18일 18시,토요일,서울특별시 서초구 반포동,경상사고,0,0,1,0,차대차 - 기타,안전운전불이행,포장 - 건조,맑음,기타 - 기타,자전거,남,73세,상해없음,자전거,남,39세,경상
2020071800100522,2020년 7월 18일 20시,토요일,서울특별시 강남구 개포동,중상사고,0,1,0,0,차대사람 - 기타,안전운전불이행,포장 - 건조,맑음,단일로 - 기타,자전거,남,16세,상해없음,보행자,여,46세,중상
2020071900100032,2020년 7월 19일 02시,일요일,서울특별시 영등포구 당산동,중상사고,0,1,1,0,차대차 - 기타,안전운전불이행,포장 - 건조,맑음,단일로 - 기타,자전거,여,25세,경상,자전거,여,34세,중상
2020071900100244,2020년 7월 19일 16시,일요일,서울특별시 구로구 구로동,경상사고,0,0,1,0,차대차 - 기타,안전운전불이행,포장 - 건조,맑음,단일로 - 기타,자전거,남,83세,경상,승합,남,44세,상해없음
2020071900100298,2020년 7월 19일 18시,일요일,서울특별시 영등포구 대림동,경상사고,0,0,1,0,차대사람 - 보도통행중,기타,포장 - 건조,맑음,기타 - 기타,자전거,남,29세,상해없음,보행자,여,55세,경상
2020071900100301,2020년 7월 19일 18시,일요일,서울특별시 영등포구 당산동,부상신고사고,0,0,0,1,차대차 - 측면충돌,안전운전불이행,포장 - 건조,맑음,단일로 - 기타,자전거,남,16세,상해없음,자전거,남,57세,부상신고
2020071900100335,2020년 7월 19일 19시,일요일,서울특별시 노원구 중계동,중상사고,0,1,0,0,차대사람 - 보도통행중,기타,포장 - 건조,흐림,기타 - 기타,자전거,남,26세,상해없음,보행자,여,55세,중상
2020071900100362,2020년 7월 19일 20시,일요일,서울특별시 노원구 상계동,경상사고,0,0,1,0,차대차 - 측면충돌,안전운전불이행,포장 - 건조,맑음,교차로 - 교차로횡단보도내,자전거,여,70세,경상,승용,남,32세,상해없음
2020071900100387,2020년 7월 19일 21시,일요일,서울특별시 노원구 상계동,중상사고,0,1,0,0,차대사람 - 횡단중,안전운전불이행,포장 - 건조,흐림,교차로 - 교차로부근,자전거,남,51세,상해없음,보행자,남,57세,중상
2020072000100019,2020년 7월 20일 02시,월요일,서울특별시 강북구 우이동,부상신고사고,0,0,0,1,차대차 - 기타,신호위반,포장 - 젖음/습기,비,교차로 - 교차로안,자전거,남,62세,부상신고,자전거,남,46세,상해없음
2020072000100123,2020년 7월 20일 09시,월요일,서울특별시 종로구 종로2가,경상사고,0,0,1,0,차대사람 - 보도통행중,기타,포장 - 젖음/습기,비,단일로 - 기타,자전거,남,56세,상해없음,보행자,여,46세,경상
2020072000100124,2020년 7월 20일 09시,월요일,서울특별시 은평구 신사동,부상신고사고,0,0,0,1,차대차 - 측면충돌,신호위반,포장 - 젖음/습기,비,교차로 - 교차로안,자전거,여,63세,부상신고,승용,남,27세,상해없음
2020072000100266,2020년 7월 20일 14시,월요일,서울특별시 중랑구 면목동,경상사고,0,0,1,0,차대차 - 기타,안전운전불이행,포장 - 건조,맑음,단일로 - 기타,자전거,남,51세,경상,승용,여,60세,상해없음
2020072000100335,2020년 7월 20일 16시,월요일,서울특별시 강서구 화곡동,경상사고,0,0,1,0,차대차 - 측면충돌,안전운전불이행,포장 - 건조,맑음,교차로 - 교차로부근,자전거,여,54세,경상,승용,남,21세,상해없음
2020072000100336,2020년 7월 20일 16시,월요일,서울특별시 송파구 방이동,중상사고,0,1,0,0,차대사람 - 기타,안전운전불이행,포장 - 건조,맑음,단일로 - 기타,자전거,남,47세,상해없음,보행자,여,52세,중상
2020072000100402,2020년 7월 20일 18시,월요일,서울특별시 영등포구 신길동,경상사고,0,0,1,0,차대차 - 기타,안전운전불이행,포장 - 건조,맑음,교차로 - 교차로부근,자전거,남,67세,경상,승용,여,39세,상해없음
2020072000100444,2020년 7월 20일 19시,월요일,서울특별시 은평구 응암동,사망사고,1,0,0,0,차대차 - 측면충돌,안전운전불이행,포장 - 건조,맑음,교차로 - 교차로부근,자전거,남,77세,사망,승용,남,25세,상해없음
2020072000100493,2020년 7월 20일 21시,월요일,서울특별시 노원구 공릉동,중상사고,0,1,0,0,차대사람 - 기타,안전운전불이행,포장 - 건조,맑음,단일로 - 기타,자전거,남,41세,중상,보행자,남,51세,상해없음
2020072100100300,2020년 7월 21일 14시,화요일,서울특별시 종로구 연건동,경상사고,0,0,1,0,차대차 - 측면충돌,안전운전불이행,포장 - 건조,맑음,교차로 - 교차로안,자전거,여,19세,경상,화물,남,54세,상해없음
2020072100100345,2020년 7월 21일 15시,화요일,서울특별시 은평구 역촌동,부상신고사고,0,0,0,1,차대차 - 측면충돌,신호위반,포장 - 건조,맑음,교차로 - 교차로안,자전거,남,14세,부상신고,승용,남,72세,상해없음
2020072100100370,2020년 7월 21일 16시,화요일,서울특별시 마포구 망원동,경상사고,0,0,1,0,차대사람 - 차도통행중,안전운전불이행,포장 - 건조,맑음,기타 - 기타,자전거,남,70세,상해없음,보행자,여,28세,경상
2020072100100372,2020년 7월 21일 16시,화요일,서울특별시 성동구 성수동1가,경상사고,0,0,2,0,차대차 - 기타,안전운전불이행,포장 - 건조,맑음,단일로 - 기타,자전거,여,29세,경상,자전거,여,60세,경상
2020072100100499,2020년 7월 21일 19시,화요일,서울특별시 서대문구 남가좌동,경상사고,0,0,1,0,차대사람 - 기타,안전운전불이행,포장 - 건조,맑음,교차로 - 교차로부근,자전거,남,17세,상해없음,보행자,남,3세,경상
2020072100100502,2020년 7월 21일 19시,화요일,서울특별시 강동구 천호동,경상사고,0,0,1,0,차대사람 - 보도통행중,안전운전불이행,포장 - 건조,맑음,교차로 - 교차로안,자전거,남,76세,상해없음,보행자,남,32세,경상
2020072100100503,2020년 7월 21일 19시,화요일,서울특별시 송파구 문정동,중상사고,0,1,0,0,차대사람 - 기타,안전운전불이행,포장 - 건조,맑음,단일로 - 기타,자전거,남,45세,상해없음,보행자,여,68세,중상
2020072100100504,2020년 7월 21일 19시,화요일,서울특별시 송파구 잠실동,경상사고,0,0,1,1,차대차 - 측면충돌,안전운전불이행,포장 - 건조,맑음,교차로 - 교차로안,자전거,남,39세,부상신고,자전거,남,53세,경상
2020072100100608,2020년 7월 21일 23시,화요일,서울특별시 영등포구 양평동1가,경상사고,0,0,1,0,차대차 - 기타,신호위반,포장 - 건조,맑음,교차로 - 교차로부근,자전거,남,15세,경상,승용,여,37세,상해없음
2020072100100615,2020년 7월 21일 23시,화요일,서울특별시 강남구 대치동,부상신고사고,0,0,0,1,차대차 - 기타,안전운전불이행,포장 - 건조,맑음,교차로 - 교차로안,자전거,여,59세,부상신고,승용,여,37세,상해없음
2020072200100159,2020년 7월 22일 09시,수요일,서울특별시 구로구 신도림동,경상사고,0,0,1,0,차대차 - 측면충돌,신호위반,포장 - 젖음/습기,비,교차로 - 교차로안,자전거,여,51세,경상,승용,여,33세,상해없음
2020072200100359,2020년 7월 22일 15시,수요일,서울특별시 성북구 장위동,경상사고,0,0,1,0,차대차 - 기타,안전운전불이행,포장 - 건조,맑음,교차로 - 교차로안,자전거,여,74세,경상,승합,남,60세,상해없음
2020072200100521,2020년 7월 22일 19시,수요일,서울특별시 강동구 성내동,경상사고,0,0,1,0,차대사람 - 보도통행중,안전운전불이행,포장 - 건조,맑음,단일로 - 기타,자전거,남,31세,상해없음,보행자,여,56세,경상
2020072200100523,2020년 7월 22일 19시,수요일,서울특별시 도봉구 창동,경상사고,0,0,1,0,차대차 - 기타,안전운전불이행,포장 - 건조,맑음,교차로 - 교차로안,자전거,여,25세,경상,승용,여,63세,상해없음
2020072200100619,2020년 7월 22일 22시,수요일,서울특별시 도봉구 창동,중상사고,0,1,0,0,차대사람 - 횡단중,신호위반,포장 - 건조,맑음,교차로 - 교차로횡단보도내,자전거,남,27세,상해없음,보행자,여,60세,중상
2020072300100209,2020년 7월 23일 12시,목요일,서울특별시 송파구 방이동,중상사고,0,1,0,0,차대사람 - 보도통행중,안전운전불이행,포장 - 젖음/습기,비,기타 - 기타,자전거,여,21세,상해없음,보행자,여,57세,중상
2020072400100256,2020년 7월 24일 14시,금요일,서울특별시 동대문구 전농동,경상사고,0,0,1,0,차대차 - 측면충돌,안전운전불이행,포장 - 건조,흐림,단일로 - 기타,자전거,남,77세,경상,승용,남,40세,상해없음
2020072400100288,2020년 7월 24일 15시,금요일,서울특별시 성북구 석관동,중상사고,0,1,0,0,차대사람 - 보도통행중,안전운전불이행,포장 - 건조,맑음,기타 - 기타,자전거,남,18세,상해없음,보행자,여,83세,중상
2020072400100325,2020년 7월 24일 16시,금요일,서울특별시 송파구 방이동,부상신고사고,0,0,0,1,차대차 - 정면충돌,불법유턴,포장 - 건조,맑음,단일로 - 기타,자전거,남,8세,부상신고,승용,여,37세,상해없음
2020072400100405,2020년 7월 24일 18시,금요일,서울특별시 광진구 군자동,중상사고,0,1,0,0,차대사람 - 보도통행중,신호위반,포장 - 기타,맑음,단일로 - 기타,자전거,남,56세,상해없음,보행자,여,81세,중상
2020072500100148,2020년 7월 25일 09시,토요일,서울특별시 영등포구 영등포동7가,부상신고사고,0,0,0,1,차대차 - 기타,안전운전불이행,포장 - 건조,맑음,교차로 - 교차로안,자전거,남,62세,부상신고,승용,남,51세,상해없음
2020072500100169,2020년 7월 25일 10시,토요일,서울특별시 동대문구 답십리동,경상사고,0,0,1,0,차대사람 - 보도통행중,기타,포장 - 건조,기타,교차로 - 교차로부근,자전거,여,8세,상해없음,보행자,여,51세,경상
2020072500100314,2020년 7월 25일 14시,토요일,서울특별시 도봉구 방학동,경상사고,0,0,1,1,차대차 - 기타,안전운전불이행,포장 - 건조,맑음,단일로 - 기타,자전거,여,50세,상해없음,자전거,남,65세,경상
2020072500100388,2020년 7월 25일 16시,토요일,서울특별시 서초구 서초동,부상신고사고,0,0,0,1,차대차 - 측면충돌,안전운전불이행,포장 - 건조,맑음,단일로 - 기타,자전거,여,60세,부상신고,승용,남,26세,상해없음
2020072500100389,2020년 7월 25일 16시,토요일,서울특별시 강남구 세곡동,부상신고사고,0,0,0,1,차대차 - 측면충돌,안전운전불이행,포장 - 건조,맑음,단일로 - 기타,자전거,남,70세,부상신고,승용,남,50세,상해없음
2020072500100417,2020년 7월 25일 17시,토요일,서울특별시 관악구 봉천동,중상사고,0,1,0,0,차대사람 - 횡단중,안전운전불이행,포장 - 건조,맑음,교차로 - 교차로안,자전거,남,71세,상해없음,보행자,여,62세,중상
2020072500100590,2020년 7월 25일 22시,토요일,서울특별시 영등포구 양평동2가,경상사고,0,0,1,0,차대사람 - 보도통행중,기타,포장 - 건조,맑음,단일로 - 기타,자전거,여,28세,상해없음,보행자,남,62세,경상
2020072600100178,2020년 7월 26일 13시,일요일,서울특별시 성동구 용답동,경상사고,0,0,1,0,차대차 - 측면충돌,안전운전불이행,포장 - 건조,맑음,단일로 - 기타,자전거,남,43세,상해없음,자전거,남,63세,경상
2020072600100246,2020년 7월 26일 15시,일요일,서울특별시 영등포구 여의도동,경상사고,0,0,1,0,차대사람 - 보도통행중,안전운전불이행,포장 - 건조,맑음,단일로 - 기타,자전거,남,43세,상해없음,보행자,남,74세,경상
2020072600100284,2020년 7월 26일 16시,일요일,서울특별시 영등포구 양평동6가,경상사고,0,0,1,0,차대차 - 측면충돌,안전운전불이행,포장 - 건조,맑음,교차로 - 교차로안,자전거,남,71세,경상,승용,남,65세,상해없음
2020072700100029,2020년 7월 27일 05시,월요일,서울특별시 중구 태평로2가,경상사고,0,0,1,0,차대사람 - 보도통행중,기타,포장 - 건조,맑음,기타 - 기타,자전거,남,25세,기타불명,보행자,남,62세,경상
2020072700100522,2020년 7월 27일 20시,월요일,서울특별시 동대문구 장안동,경상사고,0,0,1,0,차대차 - 측면충돌,직진우회전진행방해,포장 - 건조,맑음,교차로 - 교차로안,자전거,여,63세,경상,승용,남,63세,상해없음
2020072700100584,2020년 7월 27일 22시,월요일,서울특별시 강남구 신사동,중상사고,0,1,0,0,차대차 - 기타,안전운전불이행,포장 - 기타,기타,단일로 - 기타,자전거,여,49세,중상,승용,남,43세,상해없음
2020072800100211,2020년 7월 28일 13시,화요일,서울특별시 양천구 목동,중상사고,0,1,0,0,차대차 - 정면충돌,중앙선침범,포장 - 건조,흐림,단일로 - 기타,자전거,여,49세,상해없음,원동기,남,28세,중상
2020072800100243,2020년 7월 28일 14시,화요일,서울특별시 구로구 신도림동,경상사고,0,0,1,0,차대차 - 측면충돌,중앙선침범,포장 - 건조,맑음,교차로 - 교차로부근,자전거,남,81세,경상,승용,남,58세,상해없음
2020072800100476,2020년 7월 28일 20시,화요일,서울특별시 도봉구 쌍문동,경상사고,0,0,1,0,차대사람 - 기타,안전운전불이행,포장 - 건조,맑음,단일로 - 기타,자전거,남,57세,상해없음,보행자,남,5세,경상
2020072900100001,2020년 7월 29일 00시,수요일,서울특별시 중구 남학동,경상사고,0,0,1,0,차량단독 - 기타,기타,포장 - 젖음/습기,흐림,단일로 - 기타,자전거,남,49세,경상,,,,
2020072900100064,2020년 7월 29일 05시,수요일,서울특별시 도봉구 창동,중상사고,0,1,0,0,차대차 - 정면충돌,신호위반,포장 - 젖음/습기,비,교차로 - 교차로안,자전거,남,73세,중상,승용,남,68세,상해없음
2020073000100145,2020년 7월 30일 10시,목요일,서울특별시 중랑구 묵동,부상신고사고,0,0,0,1,차대차 - 기타,안전운전불이행,포장 - 건조,맑음,단일로 - 기타,자전거,여,43세,부상신고,승용,남,50세,상해없음
2020073000100167,2020년 7월 30일 11시,목요일,서울특별시 동대문구 용두동,중상사고,0,1,0,0,차대차 - 측면충돌,안전운전불이행,포장 - 건조,맑음,교차로 - 교차로부근,자전거,남,73세,중상,화물,남,57세,상해없음
2020073000100238,2020년 7월 30일 13시,목요일,서울특별시 서초구 서초동,중상사고,0,1,1,0,차대사람 - 기타,안전운전불이행,포장 - 건조,맑음,단일로 - 기타,자전거,남,64세,경상,보행자,여,29세,중상
2020073000100314,2020년 7월 30일 15시,목요일,서울특별시 광진구 자양동,부상신고사고,0,0,0,1,차대차 - 측면충돌,안전운전불이행,포장 - 건조,맑음,단일로 - 기타,자전거,남,89세,부상신고,화물,남,55세,상해없음
2020073000100380,2020년 7월 30일 17시,목요일,서울특별시 마포구 마포동,중상사고,0,1,0,0,차대차 - 기타,안전운전불이행,포장 - 건조,맑음,기타 - 기타,자전거,남,56세,중상,개인형이동수단(PM),여,29세,상해없음
2020073000100382,2020년 7월 30일 17시,목요일,서울특별시 도봉구 방학동,부상신고사고,0,0,0,1,차대차 - 기타,안전운전불이행,포장 - 건조,맑음,단일로 - 기타,자전거,남,58세,부상신고,승용,여,43세,상해없음
2020073000100420,2020년 7월 30일 18시,목요일,서울특별시 광진구 능동,경상사고,0,0,1,0,차대차 - 기타,안전운전불이행,포장 - 건조,맑음,교차로 - 교차로안,자전거,여,53세,경상,자전거,남,14세,상해없음
2020073000100497,2020년 7월 30일 20시,목요일,서울특별시 마포구 상암동,부상신고사고,0,0,0,1,차대차 - 기타,안전운전불이행,포장 - 건조,맑음,단일로 - 기타,자전거,남,38세,부상신고,자전거,남,69세,상해없음
2020073000100500,2020년 7월 30일 20시,목요일,서울특별시 송파구 장지동,경상사고,0,0,1,0,차대차 - 측면충돌,안전운전불이행,포장 - 건조,맑음,단일로 - 기타,자전거,남,12세,경상,승용,여,54세,상해없음
2020073000100501,2020년 7월 30일 20시,목요일,서울특별시 서초구 반포동,경상사고,0,0,1,0,차대차 - 측면충돌,안전운전불이행,포장 - 건조,맑음,단일로 - 기타,자전거,여,34세,상해없음,자전거,남,16세,경상
2020073000100502,2020년 7월 30일 20시,목요일,서울특별시 노원구 월계동,중상사고,0,1,1,0,차대차 - 정면충돌,안전운전불이행,포장 - 건조,흐림,단일로 - 기타,자전거,남,47세,경상,자전거,남,50세,중상
2020073000100571,2020년 7월 30일 22시,목요일,서울특별시 중랑구 상봉동,중상사고,0,1,0,0,차대사람 - 기타,안전운전불이행,포장 - 건조,맑음,기타 - 기타,자전거,남,53세,기타불명,보행자,남,49세,중상
2020073100100038,2020년 7월 31일 03시,금요일,서울특별시 강동구 고덕동,경상사고,0,0,1,0,차대사람 - 차도통행중,안전운전불이행,포장 - 건조,맑음,단일로 - 기타,자전거,남,65세,상해없음,보행자,여,69세,경상
2020073100100061,2020년 7월 31일 06시,금요일,서울특별시 동대문구 장안동,경상사고,0,0,1,0,차대사람 - 횡단중,신호위반,포장 - 건조,맑음,교차로 - 교차로안,자전거,남,24세,상해없음,보행자,여,77세,경상
2020073100100073,2020년 7월 31일 07시,금요일,서울특별시 동작구 노량진동,경상사고,0,0,1,0,차대차 - 정면충돌,안전운전불이행,포장 - 건조,맑음,단일로 - 기타,자전거,남,65세,기타불명,자전거,남,51세,경상
2020073100100122,2020년 7월 31일 09시,금요일,서울특별시 도봉구 쌍문동,중상사고,0,1,0,0,차대사람 - 기타,안전운전불이행,포장 - 건조,맑음,단일로 - 기타,자전거,남,67세,상해없음,보행자,여,45세,중상
2020073100100160,2020년 7월 31일 11시,금요일,서울특별시 영등포구 영등포동4가,중상사고,0,1,0,0,차대차 - 기타,안전거리미확보,포장 - 건조,흐림,교차로 - 교차로부근,자전거,여,73세,중상,승용,여,28세,상해없음
2020073100100504,2020년 7월 31일 19시,금요일,서울특별시 도봉구 창동,부상신고사고,0,0,0,1,차대차 - 측면충돌,중앙선침범,포장 - 건조,흐림,단일로 - 기타,자전거,남,58세,부상신고,승용,여,44세,상해없음
2020073100100505,2020년 7월 31일 19시,금요일,서울특별시 은평구 역촌동,중상사고,0,1,0,0,차대사람 - 보도통행중,신호위반,포장 - 건조,흐림,교차로 - 교차로횡단보도내,자전거,남,24세,상해없음,보행자,여,48세,중상
2020073100100540,2020년 7월 31일 20시,금요일,서울특별시 동대문구 장안동,중상사고,0,1,1,0,차대차 - 추돌,기타,포장 - 건조,맑음,기타 - 기타,자전거,남,68세,중상,자전거,여,27세,경상
2020073100100544,2020년 7월 31일 20시,금요일,서울특별시 중랑구 면목동,부상신고사고,0,0,0,1,차량단독 - 기타,안전운전불이행,포장 - 건조,흐림,단일로 - 기타,자전거,남,10세,부상신고,,,,
2020073100100607,2020년 7월 31일 22시,금요일,서울특별시 강남구 청담동,경상사고,0,0,1,0,차대사람 - 보도통행중,안전운전불이행,포장 - 젖음/습기,비,기타 - 기타,자전거,남,55세,상해없음,보행자,여,52세,경상
2020080200100019,2020년 8월 2일 02시,일요일,서울특별시 영등포구 문래동6가,경상사고,0,0,1,0,차대차 - 측면충돌,안전운전불이행,포장 - 젖음/습기,비,교차로 - 교차로안,자전거,여,24세,경상,승용,남,57세,상해없음
2020080200100046,2020년 8월 2일 05시,일요일,서울특별시 강서구 방화동,경상사고,0,0,1,0,차대차 - 기타,안전운전불이행,포장 - 젖음/습기,비,교차로 - 교차로부근,자전거,남,73세,경상,승합,여,34세,상해없음
2020080200100201,2020년 8월 2일 15시,일요일,서울특별시 성동구 성수동2가,부상신고사고,0,0,0,1,차대차 - 기타,안전운전불이행,포장 - 젖음/습기,비,단일로 - 기타,자전거,남,45세,부상신고,기타불명,기타불명,미분류,기타불명
2020080300100172,2020년 8월 3일 11시,월요일,서울특별시 금천구 가산동,경상사고,0,0,1,0,차대사람 - 기타,안전운전불이행,포장 - 젖음/습기,비,단일로 - 기타,자전거,남,66세,상해없음,보행자,여,67세,경상
2020080400100273,2020년 8월 4일 14시,화요일,서울특별시 구로구 구로동,중상사고,0,1,0,0,차대차 - 기타,안전운전불이행,포장 - 건조,맑음,교차로 - 교차로부근,자전거,남,69세,중상,승용,여,42세,상해없음
2020080400100411,2020년 8월 4일 18시,화요일,서울특별시 영등포구 도림동,경상사고,0,0,1,0,차대사람 - 보도통행중,기타,포장 - 건조,맑음,단일로 - 기타,자전거,남,24세,상해없음,보행자,남,26세,경상
2020080400100482,2020년 8월 4일 20시,화요일,서울특별시 강서구 화곡동,부상신고사고,0,0,0,1,차대차 - 측면충돌,안전운전불이행,포장 - 젖음/습기,비,교차로 - 교차로안,자전거,남,57세,부상신고,화물,남,60세,상해없음
2020080400100518,2020년 8월 4일 21시,화요일,서울특별시 중랑구 면목동,경상사고,0,0,1,0,차대사람 - 횡단중,신호위반,포장 - 젖음/습기,비,단일로 - 기타,자전거,남,61세,상해없음,보행자,여,44세,경상
2020080500100223,2020년 8월 5일 13시,수요일,서울특별시 광진구 자양동,부상신고사고,0,0,0,1,차대차 - 기타,안전운전불이행,포장 - 젖음/습기,비,단일로 - 기타,자전거,남,14세,부상신고,승용,남,59세,상해없음
2020080500100252,2020년 8월 5일 14시,수요일,서울특별시 서대문구 홍제동,중상사고,0,1,0,0,차대차 - 기타,안전운전불이행,포장 - 젖음/습기,비,교차로 - 교차로안,자전거,남,69세,중상,화물,남,50세,기타불명
2020080500100314,2020년 8월 5일 16시,수요일,서울특별시 영등포구 대림동,경상사고,0,0,1,0,차대사람 - 보도통행중,기타,포장 - 건조,맑음,단일로 - 기타,자전거,여,65세,상해없음,보행자,여,23세,경상
2020080500100389,2020년 8월 5일 18시,수요일,서울특별시 강서구 방화동,경상사고,0,0,1,0,차대차 - 기타,안전운전불이행,포장 - 젖음/습기,비,교차로 - 교차로안,자전거,남,36세,경상,승용,남,30세,상해없음
2020080600100410,2020년 8월 6일 17시,목요일,서울특별시 강동구 성내동,경상사고,0,0,1,0,차대차 - 측면충돌,중앙선침범,포장 - 건조,맑음,단일로 - 기타,자전거,여,65세,경상,승용,여,58세,상해없음
2020080700100252,2020년 8월 7일 13시,금요일,서울특별시 노원구 상계동,중상사고,0,1,0,0,차대사람 - 횡단중,안전운전불이행,포장 - 건조,맑음,기타 - 기타,자전거,여,41세,기타불명,보행자,여,65세,중상
2020080700100388,2020년 8월 7일 17시,금요일,서울특별시 송파구 풍납동,부상신고사고,0,0,0,1,차대차 - 정면충돌,안전운전불이행,포장 - 건조,맑음,교차로 - 교차로횡단보도내,자전거,남,59세,부상신고,승용,여,40세,상해없음
2020080700100513,2020년 8월 7일 20시,금요일,서울특별시 중랑구 묵동,경상사고,0,0,1,0,차대차 - 정면충돌,안전운전불이행,포장 - 건조,맑음,교차로 - 교차로안,자전거,남,44세,경상,승용,여,40세,상해없음
2020080700100549,2020년 8월 7일 21시,금요일,서울특별시 양천구 신정동,경상사고,0,0,1,0,차대차 - 기타,안전운전불이행,포장 - 건조,맑음,단일로 - 기타,자전거,남,32세,경상,승용,남,64세,상해없음
2020080800100110,2020년 8월 8일 08시,토요일,서울특별시 중랑구 신내동,부상신고사고,0,0,0,1,차대차 - 기타,불법유턴,포장 - 건조,맑음,교차로 - 교차로횡단보도내,자전거,남,6세,부상신고,승용,남,71세,상해없음
2020080800100111,2020년 8월 8일 08시,토요일,서울특별시 관악구 신림동,중상사고,0,1,0,0,차대차 - 기타,불법유턴,포장 - 건조,맑음,교차로 - 교차로안,자전거,여,50세,중상,승용,남,57세,상해없음
2020080800100131,2020년 8월 8일 09시,토요일,서울특별시 동대문구 장안동,경상사고,0,0,1,0,차대차 - 측면충돌,신호위반,포장 - 건조,맑음,교차로 - 교차로안,자전거,남,16세,경상,승용,남,41세,상해없음
2020080800100170,2020년 8월 8일 11시,토요일,서울특별시 송파구 가락동,경상사고,0,0,1,0,차대차 - 측면충돌,안전운전불이행,포장 - 젖음/습기,흐림,교차로 - 교차로부근,자전거,남,68세,경상,승용,남,83세,상해없음
2020081000100500,2020년 8월 10일 21시,월요일,서울특별시 은평구 역촌동,경상사고,0,0,1,0,차대차 - 기타,중앙선침범,포장 - 건조,맑음,기타 - 기타,자전거,여,41세,경상,승용,남,49세,상해없음
2020081100100312,2020년 8월 11일 14시,화요일,서울특별시 강남구 대치동,중상사고,0,1,0,0,차대사람 - 보도통행중,기타,포장 - 건조,맑음,기타 - 기타,자전거,남,15세,상해없음,보행자,남,72세,중상
2020081100100380,2020년 8월 11일 16시,화요일,서울특별시 성동구 성수동2가,경상사고,0,0,1,0,차대차 - 기타,안전운전불이행,포장 - 건조,맑음,단일로 - 기타,자전거,남,26세,경상,승용,여,28세,상해없음
2020081100100448,2020년 8월 11일 18시,화요일,서울특별시 노원구 상계동,중상사고,0,1,0,0,차대차 - 측면충돌,안전운전불이행,포장 - 건조,맑음,단일로 - 기타,자전거,여,51세,중상,승용,남,36세,상해없음
2020081200100229,2020년 8월 12일 12시,수요일,서울특별시 양천구 신정동,경상사고,0,0,1,0,차대차 - 기타,중앙선침범,포장 - 건조,흐림,단일로 - 기타,자전거,여,48세,경상,승용,남,41세,상해없음
2020081200100297,2020년 8월 12일 14시,수요일,서울특별시 영등포구 문래동3가,부상신고사고,0,0,0,1,차대차 - 측면충돌,안전운전불이행,포장 - 건조,맑음,교차로 - 교차로안,자전거,여,19세,부상신고,승용,남,56세,상해없음
2020081200100521,2020년 8월 12일 20시,수요일,서울특별시 성북구 하월곡동,부상신고사고,0,0,0,1,차대차 - 기타,안전운전불이행,포장 - 건조,맑음,기타 - 기타,자전거,남,7세,부상신고,승합,남,55세,상해없음
2020081200100547,2020년 8월 12일 21시,수요일,서울특별시 중랑구 면목동,중상사고,0,1,1,0,차대차 - 기타,안전운전불이행,포장 - 건조,맑음,단일로 - 기타,자전거,남,19세,상해없음,자전거,남,19세,중상
2020081300100070,2020년 8월 13일 08시,목요일,서울특별시 동대문구 용두동,경상사고,0,0,1,0,차대차 - 측면충돌,기타,포장 - 건조,맑음,교차로 - 교차로횡단보도내,자전거,여,23세,경상,화물,남,47세,상해없음
2020081300100126,2020년 8월 13일 10시,목요일,서울특별시 영등포구 영등포동1가,사망사고,1,0,0,0,차대차 - 기타,안전운전불이행,포장 - 건조,맑음,단일로 - 기타,자전거,남,47세,사망,화물,남,58세,상해없음
2020081300100213,2020년 8월 13일 12시,목요일,서울특별시 양천구 신정동,중상사고,0,1,0,0,차대차 - 기타,안전운전불이행,포장 - 건조,맑음,기타 - 기타,자전거,남,57세,상해없음,자전거,여,82세,중상
2020081300100354,2020년 8월 13일 16시,목요일,서울특별시 서대문구 홍은동,부상신고사고,0,0,0,1,차대차 - 측면충돌,안전운전불이행,포장 - 건조,맑음,단일로 - 기타,자전거,남,13세,부상신고,특수,남,44세,상해없음
2020081300100431,2020년 8월 13일 18시,목요일,서울특별시 동대문구 용두동,경상사고,0,0,1,0,차대사람 - 횡단중,보행자보호의무위반,포장 - 건조,맑음,교차로 - 교차로횡단보도내,자전거,남,58세,상해없음,보행자,여,55세,경상