사고번호,사고일시,요일,시군구,사고내용,사망자수,중상자수,경상자수,부상신고자수,사고유형,법규위반,노면상태,기상상태,도로형태,가해운전자 차종,가해운전자 성별,가해운전자 연령,가해운전자 상해정도,피해운전자 차종,피해운전자 성별,피해운전자 연령,피해운전자 상해정도
2020090500100287,2020년 9월 5일 15시,토요일,서울특별시 송파구 잠실동,경상사고,0,0,1,0,차대사람 - 보도통행중,기타,포장 - 건조,맑음,단일로 - 기타,자전거,남,45세,상해없음,보행자,남,39세,경상
2020090500100358,2020년 9월 5일 17시,토요일,서울특별시 광진구 자양동,경상사고,0,0,1,0,차대차 - 측면충돌,안전운전불이행,포장 - 건조,맑음,단일로 - 기타,자전거,남,69세,상해없음,자전거,남,25세,경상
2020090500100395,2020년 9월 5일 18시,토요일,서울특별시 강동구 암사동,경상사고,0,0,1,0,차대차 - 측면충돌,안전운전불이행,포장 - 건조,맑음,단일로 - 기타,자전거,남,63세,상해없음,자전거,남,65세,경상
2020090500100468,2020년 9월 5일 20시,토요일,서울특별시 강동구 천호동,경상사고,0,0,1,0,차대차 - 측면충돌,안전운전불이행,포장 - 건조,맑음,교차로 - 교차로안,자전거,여,35세,경상,승용,남,69세,상해없음
2020090500100500,2020년 9월 5일 21시,토요일,서울특별시 영등포구 당산동,중상사고,0,1,0,0,차대차 - 측면충돌,안전운전불이행,포장 - 건조,맑음,단일로 - 기타,자전거,여,28세,상해없음,자전거,남,63세,중상
2020090500100536,2020년 9월 5일 22시,토요일,서울특별시 강남구 수서동,부상신고사고,0,0,0,2,차대차 - 추돌,안전운전불이행,포장 - 건조,맑음,단일로 - 기타,자전거,여,47세,부상신고,자전거,남,16세,부상신고
2020090600100060,2020년 9월 6일 07시,일요일,서울특별시 영등포구 문래동5가,경상사고,0,0,1,0,차대사람 - 횡단중,안전운전불이행,포장 - 건조,맑음,교차로 - 교차로안,자전거,남,30세,기타불명,보행자,남,79세,경상
2020090600100191,2020년 9월 6일 15시,일요일,서울특별시 중랑구 면목동,부상신고사고,0,0,0,1,차대차 - 추돌,안전거리미확보,포장 - 건조,맑음,단일로 - 기타,자전거,남,46세,부상신고,자전거,남,81세,상해없음
2020090600100283,2020년 9월 6일 19시,일요일,서울특별시 광진구 군자동,경상사고,0,0,1,0,차대차 - 기타,안전운전불이행,포장 - 젖음/습기,비,단일로 - 기타,자전거,남,53세,경상,승용,남,38세,상해없음
2020090700100046,2020년 9월 7일 06시,월요일,서울특별시 중랑구 묵동,부상신고사고,0,0,0,1,차대차 - 기타,중앙선침범,포장 - 건조,맑음,단일로 - 지하차도(도로)내,자전거,남,66세,부상신고,승용,남,51세,상해없음
2020090700100121,2020년 9월 7일 09시,월요일,서울특별시 송파구 석촌동,경상사고,0,0,1,0,차대차 - 측면충돌,중앙선침범,포장 - 젖음/습기,비,단일로 - 기타,자전거,여,64세,경상,승용,남,54세,상해없음
2020090700100364,2020년 9월 7일 17시,월요일,서울특별시 중랑구 면목동,부상신고사고,0,0,0,1,차대차 - 기타,불법유턴,포장 - 젖음/습기,비,단일로 - 기타,자전거,남,10세,부상신고,승용,남,33세,상해없음
2020090800100089,2020년 9월 8일 08시,화요일,서울특별시 강동구 천호동,경상사고,0,0,1,0,차대차 - 기타,안전운전불이행,포장 - 건조,맑음,단일로 - 기타,자전거,남,83세,경상,자전거,남,52세,상해없음
2020090800100129,2020년 9월 8일 09시,화요일,서울특별시 송파구 잠실동,부상신고사고,0,0,0,1,차량단독 - 전도전복 - 전도,안전운전불이행,포장 - 건조,맑음,교차로 - 교차로부근,자전거,남,47세,부상신고,,,,
2020090800100231,2020년 9월 8일 12시,화요일,서울특별시 노원구 공릉동,경상사고,0,0,1,0,차대차 - 측면충돌,안전운전불이행,포장 - 건조,맑음,교차로 - 교차로안,자전거,여,75세,경상,이륜,남,56세,상해없음
2020090800100286,2020년 9월 8일 14시,화요일,서울특별시 영등포구 영등포동7가,경상사고,0,0,1,0,차대차 - 측면충돌,안전운전불이행,포장 - 건조,맑음,교차로 - 교차로횡단보도내,자전거,남,62세,경상,화물,남,70세,상해없음
2020090800100290,2020년 9월 8일 14시,화요일,서울특별시 노원구 중계동,경상사고,0,0,1,0,차대사람 - 보도통행중,기타,포장 - 건조,맑음,교차로 - 교차로부근,자전거,남,11세,상해없음,보행자,남,49세,경상
2020090800100458,2020년 9월 8일 18시,화요일,서울특별시 용산구 이촌동,경상사고,0,0,1,0,차대사람 - 기타,안전운전불이행,포장 - 건조,맑음,기타 - 기타,자전거,여,27세,상해없음,보행자,여,52세,경상
2020090800100502,2020년 9월 8일 19시,화요일,서울특별시 강서구 염창동,경상사고,0,0,1,0,차대차 - 기타,안전운전불이행,포장 - 건조,맑음,기타 - 기타,자전거,여,17세,상해없음,자전거,남,38세,경상
2020090800100573,2020년 9월 8일 21시,화요일,서울특별시 동대문구 용두동,중상사고,0,1,0,0,차대차 - 기타,안전운전불이행,포장 - 건조,맑음,단일로 - 기타,자전거,남,58세,중상,자전거,여,36세,상해없음
2020090800100574,2020년 9월 8일 21시,화요일,서울특별시 성동구 금호동4가,중상사고,0,1,1,1,차대차 - 기타,안전운전불이행,포장 - 건조,맑음,단일로 - 기타,자전거,여,39세,부상신고,자전거,여,20세,경상
2020090800100598,2020년 9월 8일 22시,화요일,서울특별시 강서구 가양동,중상사고,0,1,2,0,차대차 - 측면충돌,안전운전불이행,포장 - 건조,맑음,단일로 - 기타,자전거,남,52세,경상,자전거,남,48세,경상
2020090800100627,2020년 9월 8일 23시,화요일,서울특별시 송파구 가락동,경상사고,0,0,1,0,차량단독 - 전도전복 - 전도,안전운전불이행,포장 - 건조,맑음,단일로 - 기타,자전거,여,53세,경상,,,,
2020090900100051,2020년 9월 9일 07시,수요일,서울특별시 성동구 성수동2가,중상사고,0,1,0,0,차대차 - 추돌,중앙선침범,포장 - 건조,맑음,교차로 - 교차로횡단보도내,자전거,남,58세,중상,승용,남,35세,상해없음
2020090900100099,2020년 9월 9일 09시,수요일,서울특별시 성동구 마장동,경상사고,0,0,1,0,차대차 - 기타,안전운전불이행,포장 - 건조,맑음,단일로 - 기타,자전거,남,84세,경상,화물,남,40세,상해없음
2020090900100191,2020년 9월 9일 12시,수요일,서울특별시 중랑구 면목동,경상사고,0,0,1,0,차대차 - 측면충돌,안전운전불이행,포장 - 건조,맑음,교차로 - 교차로안,자전거,여,57세,경상,승용,여,49세,상해없음
2020090900100192,2020년 9월 9일 12시,수요일,서울특별시 양천구 신정동,경상사고,0,0,1,0,차대사람 - 기타,안전운전불이행,포장 - 건조,맑음,단일로 - 기타,자전거,남,60세,상해없음,보행자,남,18세,경상
2020090900100241,2020년 9월 9일 14시,수요일,서울특별시 중랑구 중화동,경상사고,0,0,1,0,차대차 - 기타,신호위반,포장 - 젖음/습기,비,교차로 - 교차로안,자전거,남,78세,경상,화물,남,62세,상해없음
2020090900100283,2020년 9월 9일 15시,수요일,서울특별시 강동구 천호동,부상신고사고,0,0,0,1,차대차 - 측면충돌,안전운전불이행,포장 - 젖음/습기,비,교차로 - 교차로횡단보도내,자전거,남,83세,부상신고,승합,남,45세,상해없음
2020090900100313,2020년 9월 9일 16시,수요일,서울특별시 중랑구 면목동,부상신고사고,0,0,0,1,차대차 - 기타,안전운전불이행,포장 - 건조,맑음,단일로 - 기타,자전거,남,14세,부상신고,승용,남,63세,상해없음
2020090900100340,2020년 9월 9일 17시,수요일,서울특별시 강동구 둔촌동,사망사고,1,1,0,0,차대사람 - 횡단중,보행자보호의무위반,포장 - 건조,맑음,단일로 - 기타,자전거,남,70세,사망,보행자,여,49세,중상
2020090900100491,2020년 9월 9일 21시,수요일,서울특별시 강남구 청담동,경상사고,0,0,1,0,차대사람 - 기타,안전운전불이행,포장 - 건조,맑음,단일로 - 기타,자전거,여,미분류,상해없음,보행자,여,25세,경상
2020091000100068,2020년 9월 10일 08시,목요일,서울특별시 성북구 하월곡동,중상사고,0,1,0,0,차대사람 - 보도통행중,기타,포장 - 건조,맑음,기타 - 기타,자전거,남,68세,상해없음,보행자,여,75세,중상
2020091000100279,2020년 9월 10일 15시,목요일,서울특별시 영등포구 대림동,경상사고,0,0,1,0,차대차 - 기타,안전운전불이행,포장 - 건조,맑음,단일로 - 기타,자전거,남,66세,경상,화물,남,41세,기타불명
2020091000100310,2020년 9월 10일 16시,목요일,서울특별시 영등포구 대림동,경상사고,0,0,1,0,차대차 - 측면충돌,중앙선침범,포장 - 건조,맑음,단일로 - 기타,자전거,여,18세,경상,화물,남,45세,상해없음
2020091000100312,2020년 9월 10일 16시,목요일,서울특별시 구로구 고척동,경상사고,0,0,1,0,차대차 - 측면충돌,안전운전불이행,포장 - 건조,맑음,교차로 - 교차로안,자전거,여,34세,경상,승용,여,34세,상해없음
2020091000100351,2020년 9월 10일 17시,목요일,서울특별시 영등포구 문래동6가,중상사고,0,1,0,0,차대차 - 측면충돌,안전운전불이행,포장 - 건조,맑음,단일로 - 기타,자전거,남,50세,중상,자전거,남,19세,상해없음
2020091000100407,2020년 9월 10일 18시,목요일,서울특별시 금천구 가산동,경상사고,0,0,2,0,차대차 - 정면충돌,중앙선침범,포장 - 건조,맑음,단일로 - 기타,자전거,남,38세,경상,승용,여,49세,경상
2020091000100409,2020년 9월 10일 18시,목요일,서울특별시 성동구 송정동,경상사고,0,0,1,0,차대차 - 정면충돌,안전운전불이행,포장 - 건조,맑음,단일로 - 기타,자전거,여,23세,경상,자전거,남,44세,상해없음
2020091000100459,2020년 9월 10일 19시,목요일,서울특별시 강동구 명일동,부상신고사고,0,0,0,1,차대사람 - 기타,안전운전불이행,포장 - 건조,맑음,교차로 - 교차로부근,자전거,남,17세,상해없음,보행자,여,65세,부상신고
2020091000100463,2020년 9월 10일 19시,목요일,서울특별시 노원구 공릉동,경상사고,0,0,1,0,차대사람 - 횡단중,안전운전불이행,포장 - 건조,맑음,교차로 - 교차로부근,자전거,여,68세,경상,보행자,여,53세,상해없음
2020091000100574,2020년 9월 10일 23시,목요일,서울특별시 양천구 신월동,경상사고,0,0,1,0,차대차 - 기타,안전운전불이행,포장 - 건조,맑음,교차로 - 교차로횡단보도내,자전거,남,18세,경상,승용,남,64세,상해없음
2020091100100012,2020년 9월 11일 01시,금요일,서울특별시 노원구 상계동,부상신고사고,0,0,0,1,차대차 - 정면충돌,안전운전불이행,포장 - 건조,맑음,단일로 - 기타,자전거,남,51세,부상신고,개인형이동수단(PM),남,38세,상해없음
2020091100100059,2020년 9월 11일 07시,금요일,서울특별시 성동구 성수동1가,중상사고,0,1,0,0,차대차 - 기타,안전거리미확보,포장 - 건조,맑음,교차로 - 교차로안,자전거,남,77세,중상,승용,남,40세,상해없음
2020091100100117,2020년 9월 11일 09시,금요일,서울특별시 양천구 목동,경상사고,0,0,2,0,차대차 - 기타,안전운전불이행,포장 - 건조,맑음,교차로 - 교차로안,자전거,여,44세,경상,자전거,여,25세,경상
2020091100100140,2020년 9월 11일 10시,금요일,서울특별시 강남구 수서동,경상사고,0,0,1,0,차대차 - 기타,안전운전불이행,포장 - 건조,맑음,단일로 - 기타,자전거,여,59세,상해없음,자전거,남,63세,경상
2020091100100224,2020년 9월 11일 13시,금요일,서울특별시 양천구 목동,경상사고,0,0,1,0,차대차 - 기타,안전운전불이행,포장 - 건조,맑음,기타 - 기타,자전거,여,61세,상해없음,자전거,여,39세,상해없음
2020091100100255,2020년 9월 11일 14시,금요일,서울특별시 성북구 종암동,경상사고,0,0,1,0,차대차 - 측면충돌,안전운전불이행,포장 - 건조,맑음,교차로 - 교차로횡단보도내,자전거,여,69세,경상,승용,남,36세,상해없음
2020091100100273,2020년 9월 11일 15시,금요일,서울특별시 동대문구 답십리동,경상사고,0,0,1,0,차대차 - 기타,안전운전불이행,포장 - 건조,맑음,교차로 - 교차로횡단보도내,자전거,남,70세,경상,승용,여,46세,상해없음
2020091100100458,2020년 9월 11일 19시,금요일,서울특별시 마포구 대흥동,중상사고,0,1,0,0,차대차 - 기타,차로위반,포장 - 건조,맑음,단일로 - 기타,자전거,남,75세,중상,승용,여,45세,상해없음
2020091100100531,2020년 9월 11일 20시,금요일,서울특별시 강서구 마곡동,경상사고,0,0,1,0,차대사람 - 보도통행중,기타,포장 - 건조,맑음,단일로 - 기타,자전거,여,32세,상해없음,보행자,여,27세,경상
2020091100100580,2020년 9월 11일 21시,금요일,서울특별시 양천구 목동,경상사고,0,0,1,0,차대사람 - 횡단중,안전운전불이행,포장 - 젖음/습기,비,단일로 - 기타,자전거,남,57세,상해없음,보행자,남,57세,경상
2020091100100581,2020년 9월 11일 21시,금요일,서울특별시 양천구 신정동,경상사고,0,0,2,0,차대차 - 기타,신호위반,포장 - 건조,맑음,교차로 - 교차로안,자전거,남,16세,경상,자전거,남,17세,경상
2020091200100379,2020년 9월 12일 16시,토요일,서울특별시 서대문구 북가좌동,부상신고사고,0,0,0,1,차대차 - 기타,기타,포장 - 건조,맑음,교차로 - 교차로안,자전거,남,12세,부상신고,화물,남,39세,상해없음
2020091200100422,2020년 9월 12일 17시,토요일,서울특별시 강서구 가양동,경상사고,0,0,1,0,차대차 - 측면충돌,안전운전불이행,포장 - 건조,흐림,단일로 - 기타,자전거,남,65세,상해없음,자전거,여,60세,경상
2020091200100549,2020년 9월 12일 21시,토요일,서울특별시 금천구 독산동,경상사고,0,0,1,1,차대사람 - 기타,안전운전불이행,포장 - 건조,맑음,단일로 - 기타,자전거,남,15세,부상신고,보행자,여,43세,경상
2020091200100576,2020년 9월 12일 22시,토요일,서울특별시 송파구 석촌동,경상사고,0,0,1,1,차대차 - 측면충돌,안전운전불이행,포장 - 젖음/습기,흐림,교차로 - 교차로부근,자전거,남,68세,부상신고,이륜,남,28세,경상
2020091300100095,2020년 9월 13일 10시,일요일,서울특별시 성동구 옥수동,중상사고,0,1,0,0,차대차 - 측면충돌,안전운전불이행,포장 - 건조,맑음,단일로 - 기타,자전거,남,47세,상해없음,자전거,남,10세,중상
2020091300100155,2020년 9월 13일 12시,일요일,서울특별시 강남구 압구정동,경상사고,0,0,1,0,차대차 - 추돌,안전운전불이행,포장 - 건조,맑음,기타 - 기타,자전거,남,49세,경상,자전거,남,11세,상해없음
2020091300100159,2020년 9월 13일 12시,일요일,서울특별시 노원구 하계동,경상사고,0,0,1,0,차대차 - 정면충돌,안전거리미확보,포장 - 건조,맑음,단일로 - 기타,자전거,여,61세,경상,자전거,남,12세,상해없음
2020091300100187,2020년 9월 13일 13시,일요일,서울특별시 영등포구 양평동6가,중상사고,0,2,0,0,차대사람 - 기타,안전운전불이행,포장 - 건조,맑음,단일로 - 기타,자전거,남,21세,중상,보행자,남,45세,중상
2020091300100188,2020년 9월 13일 13시,일요일,서울특별시 영등포구 대림동,중상사고,0,1,1,0,차대차 - 추돌,안전운전불이행,포장 - 건조,맑음,단일로 - 기타,자전거,남,58세,중상,자전거,여,54세,경상
2020091300100258,2020년 9월 13일 15시,일요일,서울특별시 강남구 압구정동,경상사고,0,0,1,0,차대차 - 측면충돌,안전운전불이행,포장 - 기타,맑음,기타 - 기타,자전거,남,77세,상해없음,자전거,여,55세,경상
2020091300100289,2020년 9월 13일 16시,일요일,서울특별시 동대문구 휘경동,경상사고,0,0,1,0,차대차 - 측면충돌,안전운전불이행,포장 - 건조,맑음,교차로 - 교차로안,자전거,여,27세,경상,화물,남,67세,상해없음
2020091300100290,2020년 9월 13일 16시,일요일,서울특별시 동대문구 장안동,경상사고,0,0,1,0,차량단독 - 전도전복 - 전도,안전운전불이행,포장 - 건조,맑음,단일로 - 기타,자전거,남,72세,경상,,,,
2020091300100293,2020년 9월 13일 16시,일요일,서울특별시 강동구 천호동,경상사고,0,0,1,0,차대차 - 기타,안전운전불이행,포장 - 건조,맑음,단일로 - 기타,자전거,남,57세,상해없음,자전거,여,62세,경상
2020091300100330,2020년 9월 13일 17시,일요일,서울특별시 관악구 신림동,경상사고,0,0,1,0,차대사람 - 기타,기타,포장 - 건조,맑음,기타 - 기타,자전거,남,52세,상해없음,보행자,남,35세,경상
2020091300100367,2020년 9월 13일 18시,일요일,서울특별시 강남구 신사동,경상사고,0,0,1,1,차대차 - 기타,안전운전불이행,포장 - 기타,기타,단일로 - 기타,자전거,남,30세,부상신고,자전거,남,12세,상해없음
2020091300100424,2020년 9월 13일 20시,일요일,서울특별시 강서구 화곡동,부상신고사고,0,0,0,1,차대차 - 기타,안전운전불이행,포장 - 건조,맑음,교차로 - 교차로안,자전거,남,69세,부상신고,승용,남,67세,상해없음
2020091300100425,2020년 9월 13일 20시,일요일,서울특별시 송파구 신천동,중상사고,0,1,0,0,차대차 - 측면충돌,기타,포장 - 건조,맑음,단일로 - 기타,자전거,남,68세,상해없음,자전거,남,36세,중상
2020091400100027,2020년 9월 14일 04시,월요일,서울특별시 은평구 역촌동,경상사고,0,0,1,0,차량단독 - 기타,안전운전불이행,포장 - 건조,맑음,기타 - 기타,자전거,남,73세,경상,,,,
2020091400100068,2020년 9월 14일 07시,월요일,서울특별시 동작구 신대방동,경상사고,0,0,1,1,차대차 - 측면충돌,안전운전불이행,포장 - 건조,맑음,단일로 - 기타,자전거,여,30세,부상신고,이륜,남,34세,경상
2020091400100099,2020년 9월 14일 08시,월요일,서울특별시 송파구 풍납동,중상사고,0,1,0,0,차대차 - 측면충돌,안전운전불이행,포장 - 건조,맑음,교차로 - 교차로안,자전거,남,82세,중상,자전거,남,40세,상해없음
2020091400100176,2020년 9월 14일 10시,월요일,서울특별시 강남구 일원동,부상신고사고,0,0,0,1,차대차 - 기타,안전운전불이행,포장 - 건조,맑음,단일로 - 기타,자전거,여,67세,부상신고,자전거,남,54세,상해없음
2020091400100311,2020년 9월 14일 14시,월요일,서울특별시 마포구 구수동,경상사고,0,0,1,0,차대차 - 기타,중앙선침범,포장 - 건조,맑음,단일로 - 기타,자전거,여,62세,경상,화물,남,59세,상해없음
2020091400100382,2020년 9월 14일 16시,월요일,서울특별시 영등포구 대림동,부상신고사고,0,0,0,1,차대차 - 기타,안전운전불이행,포장 - 건조,맑음,단일로 - 기타,자전거,여,68세,부상신고,기타불명,기타불명,미분류,기타불명
2020091400100383,2020년 9월 14일 16시,월요일,서울특별시 성동구 하왕십리동,중상사고,0,1,0,0,차대차 - 측면충돌,기타,포장 - 건조,맑음,교차로 - 교차로부근,자전거,남,72세,중상,화물,남,70세,상해없음
2020091400100385,2020년 9월 14일 16시,월요일,서울특별시 동작구 사당동,경상사고,0,0,1,0,차대차 - 기타,안전운전불이행,포장 - 건조,맑음,단일로 - 기타,자전거,남,12세,경상,승용,여,26세,상해없음
2020091500100026,2020년 9월 15일 02시,화요일,서울특별시 송파구 신천동,중상사고,0,1,0,0,차대차 - 측면충돌,안전운전불이행,포장 - 건조,맑음,단일로 - 기타,자전거,남,49세,중상,승용,남,29세,상해없음
2020091500100035,2020년 9월 15일 04시,화요일,서울특별시 송파구 신천동,경상사고,0,0,1,0,차량단독 - 기타,안전운전불이행,포장 - 건조,맑음,단일로 - 기타,자전거,여,63세,경상,,,,
2020091500100172,2020년 9월 15일 11시,화요일,서울특별시 영등포구 여의도동,부상신고사고,0,0,0,1,차대차 - 기타,안전운전불이행,포장 - 건조,맑음,교차로 - 교차로횡단보도내,자전거,남,74세,부상신고,승용,남,66세,상해없음
2020091500100470,2020년 9월 15일 19시,화요일,서울특별시 은평구 녹번동,경상사고,0,0,1,0,차대차 - 측면충돌,안전운전불이행,포장 - 건조,맑음,단일로 - 기타,자전거,여,35세,상해없음,원동기,남,42세,경상
2020091600100048,2020년 9월 16일 07시,수요일,서울특별시 동작구 본동,중상사고,0,1,1,0,차대사람 - 횡단중,안전운전불이행,포장 - 건조,맑음,단일로 - 기타,자전거,남,59세,경상,보행자,남,19세,중상
2020091600100052,2020년 9월 16일 07시,수요일,서울특별시 서초구 반포동,중상사고,0,1,1,0,차대차 - 추돌,안전운전불이행,포장 - 건조,맑음,단일로 - 기타,자전거,남,45세,중상,자전거,남,57세,경상
2020091600100076,2020년 9월 16일 08시,수요일,서울특별시 노원구 하계동,중상사고,0,1,0,0,차대차 - 추돌,안전거리미확보,포장 - 건조,흐림,단일로 - 기타,자전거,남,55세,상해없음,자전거,남,53세,중상
2020091600100154,2020년 9월 16일 10시,수요일,서울특별시 은평구 구산동,경상사고,0,0,1,0,차대차 - 기타,안전운전불이행,포장 - 건조,맑음,단일로 - 기타,자전거,남,71세,경상,승용,여,72세,상해없음
2020091600100449,2020년 9월 16일 19시,수요일,서울특별시 동작구 신대방동,중상사고,0,1,0,0,차대사람 - 기타,기타,포장 - 건조,맑음,단일로 - 지하차도(도로)내,자전거,남,32세,상해없음,보행자,여,75세,중상
2020091700100087,2020년 9월 17일 08시,목요일,서울특별시 송파구 잠실동,중상사고,0,2,0,0,차대차 - 기타,안전운전불이행,포장 - 건조,맑음,기타 - 기타,자전거,여,47세,중상,자전거,남,12세,중상
2020091700100144,2020년 9월 17일 10시,목요일,서울특별시 영등포구 신길동,경상사고,0,0,1,0,차대차 - 측면충돌,안전운전불이행,포장 - 건조,맑음,단일로 - 기타,자전거,남,62세,경상,승용,여,59세,상해없음
2020091700100265,2020년 9월 17일 14시,목요일,서울특별시 송파구 장지동,중상사고,0,1,0,0,차대차 - 기타,안전운전불이행,포장 - 건조,맑음,기타 - 기타,자전거,남,51세,중상,자전거,남,63세,상해없음
2020091700100368,2020년 9월 17일 17시,목요일,서울특별시 영등포구 당산동,부상신고사고,0,0,0,1,차대차 - 측면충돌,안전운전불이행,포장 - 건조,맑음,교차로 - 교차로안,자전거,남,65세,부상신고,화물,남,68세,상해없음
2020091700100527,2020년 9월 17일 21시,목요일,서울특별시 구로구 궁동,중상사고,0,1,0,0,차대사람 - 기타,안전운전불이행,포장 - 건조,맑음,단일로 - 기타,자전거,여,16세,상해없음,보행자,여,63세,중상
2020091800100040,2020년 9월 18일 05시,금요일,서울특별시 송파구 거여동,중상사고,0,1,0,0,차대차 - 측면충돌,신호위반,포장 - 건조,맑음,기타 - 기타,자전거,남,56세,중상,원동기,남,51세,상해없음
2020091800100063,2020년 9월 18일 07시,금요일,서울특별시 은평구 불광동,부상신고사고,0,0,0,1,차대차 - 기타,안전운전불이행,포장 - 건조,맑음,기타 - 기타,자전거,남,81세,부상신고,승합,남,57세,기타불명
2020091800100161,2020년 9월 18일 10시,금요일,서울특별시 영등포구 대림동,경상사고,0,0,1,0,차대차 - 추돌,안전운전불이행,포장 - 건조,맑음,단일로 - 기타,자전거,남,82세,경상,승용,남,81세,상해없음
2020091800100268,2020년 9월 18일 13시,금요일,서울특별시 동작구 대방동,부상신고사고,0,0,0,1,차대차 - 측면충돌,안전거리미확보,포장 - 건조,맑음,단일로 - 기타,자전거,남,84세,부상신고,승용,남,64세,상해없음
2020091800100272,2020년 9월 18일 13시,금요일,서울특별시 강남구 역삼동,중상사고,0,1,1,0,차대차 - 기타,안전운전불이행,포장 - 건조,맑음,단일로 - 기타,자전거,남,9세,중상,개인형이동수단(PM),여,32세,경상
2020091800100305,2020년 9월 18일 14시,금요일,서울특별시 성동구 성수동2가,경상사고,0,0,1,0,차대차 - 측면충돌,중앙선침범,포장 - 건조,맑음,교차로 - 교차로부근,자전거,여,61세,경상,승합,남,54세,상해없음
2020091800100347,2020년 9월 18일 15시,금요일,서울특별시 강북구 미아동,경상사고,0,0,1,0,차대차 - 기타,안전거리미확보,포장 - 건조,맑음,단일로 - 기타,자전거,남,59세,경상,승용,여,59세,상해없음
2020091800100351,2020년 9월 18일 15시,금요일,서울특별시 노원구 하계동,부상신고사고,0,0,0,1,차대차 - 측면충돌,불법유턴,포장 - 건조,맑음,교차로 - 교차로안,자전거,여,77세,부상신고,승용,여,51세,상해없음
2020091800100399,2020년 9월 18일 16시,금요일,서울특별시 양천구 신월동,부상신고사고,0,0,0,1,차대사람 - 기타,안전운전불이행,포장 - 건조,맑음,단일로 - 기타,자전거,남,69세,부상신고,보행자,여,48세,상해없음
2020091800100653,2020년 9월 18일 21시,금요일,서울특별시 영등포구 여의도동,경상사고,0,0,1,0,차대차 - 측면충돌,안전운전불이행,포장 - 건조,맑음,단일로 - 기타,자전거,여,23세,경상,승용,남,26세,상해없음
2020091900100056,2020년 9월 19일 05시,토요일,서울특별시 영등포구 도림동,경상사고,0,0,1,0,차대사람 - 횡단중,안전운전불이행,포장 - 건조,맑음,단일로 - 기타,자전거,남,49세,경상,보행자,여,70세,상해없음
2020091900100212,2020년 9월 19일 11시,토요일,서울특별시 성동구 금호동4가,중상사고,0,1,0,0,차대차 - 기타,안전운전불이행,포장 - 건조,맑음,단일로 - 기타,자전거,남,55세,상해없음,자전거,남,42세,중상
2020091900100213,2020년 9월 19일 11시,토요일,서울특별시 동작구 노량진동,중상사고,0,1,0,1,차대차 - 추돌,안전거리미확보,포장 - 건조,맑음,단일로 - 기타,자전거,남,45세,부상신고,자전거,남,38세,중상
2020091900100309,2020년 9월 19일 13시,토요일,서울특별시 동대문구 용두동,중상사고,0,1,0,0,차대차 - 측면충돌,불법유턴,포장 - 건조,맑음,교차로 - 교차로안,자전거,남,53세,중상,승용,여,51세,상해없음
2020091900100408,2020년 9월 19일 15시,토요일,서울특별시 노원구 상계동,중상사고,0,1,0,0,차대차 - 측면충돌,기타,포장 - 건조,맑음,단일로 - 기타,자전거,남,52세,중상,승용,남,48세,상해없음
2020091900100450,2020년 9월 19일 16시,토요일,서울특별시 성동구 성수동2가,중상사고,0,1,0,0,차대차 - 기타,안전운전불이행,포장 - 건조,맑음,단일로 - 기타,자전거,남,67세,상해없음,자전거,남,58세,중상
2020091900100506,2020년 9월 19일 17시,토요일,서울특별시 영등포구 여의도동,경상사고,0,0,1,0,차대차 - 기타,안전운전불이행,포장 - 건조,맑음,단일로 - 기타,자전거,여,22세,상해없음,자전거,여,29세,경상
2020091900100541,2020년 9월 19일 18시,토요일,서울특별시 강북구 수유동,경상사고,0,0,1,0,차대차 - 기타,직진우회전진행방해,포장 - 건조,맑음,교차로 - 교차로안,자전거,남,65세,경상,개인형이동수단(PM),남,26세,상해없음
2020091900100655,2020년 9월 19일 21시,토요일,서울특별시 노원구 상계동,중상사고,0,1,0,0,차대차 - 기타,안전운전불이행,포장 - 건조,맑음,단일로 - 기타,자전거,남,54세,상해없음,자전거,남,59세,중상
2020092000100243,2020년 9월 20일 14시,일요일,서울특별시 송파구 잠실동,부상신고사고,0,0,0,2,차대사람 - 기타,안전운전불이행,포장 - 건조,맑음,단일로 - 기타,자전거,남,34세,부상신고,보행자,여,7세,부상신고
2020092000100289,2020년 9월 20일 15시,일요일,서울특별시 영등포구 양화동,중상사고,0,1,0,0,차대차 - 추돌,안전운전불이행,포장 - 건조,맑음,단일로 - 기타,자전거,남,15세,상해없음,자전거,남,68세,중상